"Marché","Position","Hostname","TLD","Word count","FAQ on-page","Schema","Titre de la page"
"FR (google.fr)","1","(carrousel vidéo / featured)","","","","","Position 1 non organique"
"FR (google.fr)","2","surecontact.com","com","982","Non","WebSite,WebPage,Org","FluentCRM vs SureContact | Full Comparison (2026)"
"FR (google.fr)","3","facebook.com","com","","Non","","Any hand on review for Sure contact Vs Fluent CRM (groupe)"
"FR (google.fr)","4","reddit.com","com","202","Non","","FluentCRM VS FunnelKit ? (thread Reddit)"
"FR (google.fr)","5","surecontact.com","com","1473","Non","WebSite,WebPage","SureContact Integrations | WooCommerce, SureCart"
"FR (google.fr)","6","fluentcrm.com","com","3916","Non","Article","MailPoet vs. MailChimp vs. FluentCRM"
"FR (google.fr)","7","hammanitech.com","com","1836","Non","Place,Professional","FluentCRM Review 2026: Features, Pricing, Pros & Cons"
"FR (google.fr)","8","getnextcrm.com","com","1876","Non","WebPage,Breadcrumb","FluentCRM Alternatives: Best CRM & Email Automation (2026)"
"FR (google.fr)","9","fluentcrm.com","com","981","Non","","FluentCRM 101"
"FR (google.fr)","10","surecontact.com","com","1500","Non","WebSite,WebPage","Best Email Marketing Plugin for WordPress 2026"
"FR (google.fr)","11","sourceforge.net","net","1429","Non","WebSite","Constant Contact vs. FluentCRM Comparison"
"FR (google.fr)","12","facebook.com","com","","Non","","Migrate from FluentCRM to SureContact easily (groupe)"
"FR (google.fr)","13","fluentcrm.com","com","1680","Oui","FAQPage","FluentCRM Free vs. Pro"
"FR (google.fr)","14","wpfusion.com","com","4637","Non","","We switched from ActiveCampaign to FluentCRM"
"FR (google.fr)","15","reddit.com","com","246","Non","","FluentCRM - or are there better alternatives (thread)"
"FR (google.fr)","16","facebook.com","com","","Non","","Will SureContact have automated email sequences (groupe)"
"FR (google.fr)","17","surecontact.com","com","3526","Non","WebSite,WebPage","7 Best WordPress CRM Plugins in 2026"
"FR (google.fr)","18","themedev.net","net","2370","Non","Article,WebPage","FluentCRM alternative: Best Email Marketing Automation"
"US (google.com, FR)","1","(carrousel vidéo / featured)","","","","","Position 1 non organique"
"US (google.com, FR)","2","surecontact.com","com","982","Non","WebSite,WebPage,Org","FluentCRM vs SureContact | Full Comparison (2026)"
"US (google.com, FR)","3","facebook.com","com","","Non","","Any hand on review for Sure contact Vs Fluent CRM (groupe)"
"US (google.com, FR)","4","reddit.com","com","134","Non","","What CRM do you use? (thread Reddit)"
"US (google.com, FR)","5","surecontact.com","com","561","Non","WebSite,WebPage,Org","How to Migrate All Your FluentCRM Contacts to SureContact"
"US (google.com, FR)","6","facebook.com","com","","Non","","Will SureContact have automated email sequences (groupe)"
"US (google.com, FR)","7","facebook.com","com","","Non","","Is SureContact CRM or not? (groupe)"
"US (google.com, FR)","8","fluentcrm.com","com","1965","Oui","WebSite,SoftwareApp","Marketing Automation For WordPress - FluentCRM"
"US (google.com, FR)","9","blogmarketingacademy.com","com","3769","Non","","FluentCRM Review: Marketing Email Automation"
"US (google.com, FR)","10","fluentcrm.com","com","981","Non","","FluentCRM 101"
"US (google.com, FR)","11","wpmanageninja.com","com","2998","Non","Article,WebPage,Img","Mailchimp Alternatives: FluentCRM vs Mailchimp"
"US (google.com, FR)","12","sourceforge.net","net","1429","Non","WebSite","Constant Contact vs. FluentCRM Comparison"
"US (google.com, FR)","13","wordpress.org","org","2170","Non","","SureContact (page plugin officielle)"
"US (google.com, FR)","14","hammanitech.com","com","1836","Non","Place,Professional","FluentCRM Review 2026"
"US (google.com, FR)","15","surecontact.com","com","1500","Non","WebSite,WebPage,Org","Best Email Marketing Plugin for WordPress 2026"
"US (google.com, FR)","16","wpfusion.com","com","4637","Non","","We switched from ActiveCampaign to FluentCRM"
"US (google.com, FR)","17","groundhogg.io","io","1470","Non","WebPage,ImageObject","Groundhogg vs. FluentCRM"
"US (google.com, FR)","18","reddit.com","com","282","Non","","Reddit thread"
