Page position,H2,URL
1,Thanks for the feedback!,https://www.reddit.com/r/woocommerce/comments/1hw3aza/sopify_vs_wordpress_for_ecommerce_website/
1,Top Posts,https://www.reddit.com/r/woocommerce/comments/1hw3aza/sopify_vs_wordpress_for_ecommerce_website/
3,Comment Faire le Choix?,https://hellodarwin.com/fr/blogue/shopify-wordpress-quelle-plateforme-choisir
3,Shopify vs WordPress : Les Caractéristiques de Chacun,https://hellodarwin.com/fr/blogue/shopify-wordpress-quelle-plateforme-choisir
3,Tableau Comparatif,https://hellodarwin.com/fr/blogue/shopify-wordpress-quelle-plateforme-choisir
3,Quand Utiliser Shopify ?,https://hellodarwin.com/fr/blogue/shopify-wordpress-quelle-plateforme-choisir
3,Quand Utiliser WooCommerce ?,https://hellodarwin.com/fr/blogue/shopify-wordpress-quelle-plateforme-choisir
3,Hébergement Web,https://hellodarwin.com/fr/blogue/shopify-wordpress-quelle-plateforme-choisir
3,WooCommerce en Bref,https://hellodarwin.com/fr/blogue/shopify-wordpress-quelle-plateforme-choisir
3,WooCommerce et le SEO,https://hellodarwin.com/fr/blogue/shopify-wordpress-quelle-plateforme-choisir
3,À propos de l'auteur,https://hellodarwin.com/fr/blogue/shopify-wordpress-quelle-plateforme-choisir
3,Voir les articles associés,https://hellodarwin.com/fr/blogue/shopify-wordpress-quelle-plateforme-choisir
4,Shopify vs WordPress : tableau com­pa­ra­tif,https://www.ionos.fr/digitalguide/hebergement/cms/shopify-vs-wordpress/
4,Shopify ou WordPress : systèmes dif­fé­rents,https://www.ionos.fr/digitalguide/hebergement/cms/shopify-vs-wordpress/
4,WordPress ou Shopify : CMS vs éditeur de boutique en ligne,https://www.ionos.fr/digitalguide/hebergement/cms/shopify-vs-wordpress/
4,Quel système est le plus adapté aux débutants ?,https://www.ionos.fr/digitalguide/hebergement/cms/shopify-vs-wordpress/
4,Thèmes pour Shopify et WordPress,https://www.ionos.fr/digitalguide/hebergement/cms/shopify-vs-wordpress/
4,Plugins/ex­ten­sions pour Shopify et WordPress,https://www.ionos.fr/digitalguide/hebergement/cms/shopify-vs-wordpress/
4,Quel système est le plus facile à utiliser ?,https://www.ionos.fr/digitalguide/hebergement/cms/shopify-vs-wordpress/
4,Quels sont les méthodes de paiement dis­po­nibles ?,https://www.ionos.fr/digitalguide/hebergement/cms/shopify-vs-wordpress/
4,Shopify vs WordPress : sécurité et main­te­nance,https://www.ionos.fr/digitalguide/hebergement/cms/shopify-vs-wordpress/
4,Quel système est le meilleur pour le SEO ?,https://www.ionos.fr/digitalguide/hebergement/cms/shopify-vs-wordpress/
4,Quel système offre le meilleur support ?,https://www.ionos.fr/digitalguide/hebergement/cms/shopify-vs-wordpress/
4,Con­clu­sion : Shopify vs WordPress,https://www.ionos.fr/digitalguide/hebergement/cms/shopify-vs-wordpress/
5,Prix et évolutivité,https://schoolswp.com/dropshipping-shopify-vs-wordpress/
5,Temps de configuration,https://schoolswp.com/dropshipping-shopify-vs-wordpress/
5,Thèmes,https://schoolswp.com/dropshipping-shopify-vs-wordpress/
5,Caractéristiques,https://schoolswp.com/dropshipping-shopify-vs-wordpress/
5,Facilité d’utilisation,https://schoolswp.com/dropshipping-shopify-vs-wordpress/
5,Aide et support,https://schoolswp.com/dropshipping-shopify-vs-wordpress/
5,SEO,https://schoolswp.com/dropshipping-shopify-vs-wordpress/
5,Qui est le gagnant,https://schoolswp.com/dropshipping-shopify-vs-wordpress/
5,Publications similaires,https://schoolswp.com/dropshipping-shopify-vs-wordpress/
6,Thanks for the feedback!,https://www.reddit.com/r/Wordpress/comments/1nl2mwk/wordpress_vs_shopify_which_one_is_really_best_for/
6,Top Posts,https://www.reddit.com/r/Wordpress/comments/1nl2mwk/wordpress_vs_shopify_which_one_is_really_best_for/
7,L’entreprise et l’expertise,https://www.presse-citron.net/hebergeur/comparatif/shopify-vs-wordpress/
7,Le design et le choix des templates de site,https://www.presse-citron.net/hebergeur/comparatif/shopify-vs-wordpress/
7,La simplicité d’utilisation,https://www.presse-citron.net/hebergeur/comparatif/shopify-vs-wordpress/
7,Les options e-commerce,https://www.presse-citron.net/hebergeur/comparatif/shopify-vs-wordpress/
7,Shopify vs WordPress : Les fonctionnalités additionnelles,https://www.presse-citron.net/hebergeur/comparatif/shopify-vs-wordpress/
7,L’assistance client,https://www.presse-citron.net/hebergeur/comparatif/shopify-vs-wordpress/
7,Les tarifs,https://www.presse-citron.net/hebergeur/comparatif/shopify-vs-wordpress/
7,"Conclusion : qui choisir, WordPress ou Shopify ?",https://www.presse-citron.net/hebergeur/comparatif/shopify-vs-wordpress/
7,Questions fréquentes,https://www.presse-citron.net/hebergeur/comparatif/shopify-vs-wordpress/
9,Shopify vs WordPress,https://www.shopify.com/fr/comparaison/shopify-vs-wordpress
9,Pourquoi choisir Shopify vs WordPress ?,https://www.shopify.com/fr/comparaison/shopify-vs-wordpress
9,Commencez à vendre avec Shopify aujourd’hui,https://www.shopify.com/fr/comparaison/shopify-vs-wordpress
9,10 avantages de Shopify vs WordPress,https://www.shopify.com/fr/comparaison/shopify-vs-wordpress
9,Outil e-commerce intégré,https://www.shopify.com/fr/comparaison/shopify-vs-wordpress
9,Solution hébergée,https://www.shopify.com/fr/comparaison/shopify-vs-wordpress
9,Rapidité de lancement,https://www.shopify.com/fr/comparaison/shopify-vs-wordpress
9,Forfaits et abonnements simplifiés,https://www.shopify.com/fr/comparaison/shopify-vs-wordpress
9,Facile à personnaliser,https://www.shopify.com/fr/comparaison/shopify-vs-wordpress
9,Sécurité intégrée,https://www.shopify.com/fr/comparaison/shopify-vs-wordpress
9,Sous-domaine inclus,https://www.shopify.com/fr/comparaison/shopify-vs-wordpress
9,Fonction d’emailing intégrée,https://www.shopify.com/fr/comparaison/shopify-vs-wordpress
9,Maintenance de site automatique,https://www.shopify.com/fr/comparaison/shopify-vs-wordpress
9,Pourquoi les marchands préfèrent Shopify vs WordPress,https://www.shopify.com/fr/comparaison/shopify-vs-wordpress
9,Pourquoi les marchands préfèrent Shopify vs WordPress,https://www.shopify.com/fr/comparaison/shopify-vs-wordpress
9,Application destinée aux clients,https://www.shopify.com/fr/comparaison/shopify-vs-wordpress
9,Assistance joignable à tout moment,https://www.shopify.com/fr/comparaison/shopify-vs-wordpress
9,Une période d’essai gratuit,https://www.shopify.com/fr/comparaison/shopify-vs-wordpress
9,Pas besoin de connaissances techniques,https://www.shopify.com/fr/comparaison/shopify-vs-wordpress
9,Plus de 100 passerelles de paiement,https://www.shopify.com/fr/comparaison/shopify-vs-wordpress
9,Des fonctionnalités SEO intégrées,https://www.shopify.com/fr/comparaison/shopify-vs-wordpress
9,Système PDV propriétaire,https://www.shopify.com/fr/comparaison/shopify-vs-wordpress
9,Protection contre la fraude intégrée,https://www.shopify.com/fr/comparaison/shopify-vs-wordpress
9,Maintenance de site automatique,https://www.shopify.com/fr/comparaison/shopify-vs-wordpress
9,En savoir plus sur Shopify,https://www.shopify.com/fr/comparaison/shopify-vs-wordpress
9,Comparez Shopify,https://www.shopify.com/fr/comparaison/shopify-vs-wordpress
9,Communauté Shopify,https://www.shopify.com/fr/comparaison/shopify-vs-wordpress
9,Centre d’aide de Shopify,https://www.shopify.com/fr/comparaison/shopify-vs-wordpress
9,Commencez à vendre avec Shopify aujourd’hui,https://www.shopify.com/fr/comparaison/shopify-vs-wordpress
9,FAQ,https://www.shopify.com/fr/comparaison/shopify-vs-wordpress
9,Quelle est la meilleure solution : Shopify ou WordPress ?,https://www.shopify.com/fr/comparaison/shopify-vs-wordpress
9,Comment migrer de WordPress vers Shopify ?,https://www.shopify.com/fr/comparaison/shopify-vs-wordpress
9,Quelle plateforme choisir pour vendre des ebooks : Shopify ou WordPress ?,https://www.shopify.com/fr/comparaison/shopify-vs-wordpress
9,Comment utiliser le Bouton d’achat de Shopify sur WordPress,https://www.shopify.com/fr/comparaison/shopify-vs-wordpress
9,Quel plugin permet de connecter WordPress à Shopify ?,https://www.shopify.com/fr/comparaison/shopify-vs-wordpress
9,Quelle est la meilleure plateforme de commerce pour vous ?,https://www.shopify.com/fr/comparaison/shopify-vs-wordpress
10,Shopify vs WordPress : les avantages et inconvénients de chacun,https://www.copyfy.io/blog/shopify-vs-wordpress
10,Facilité d'utilisation : laquelle est plus simple pour un débutant ?,https://www.copyfy.io/blog/shopify-vs-wordpress
10,"La vraie question, c'est le délai avant la première vente, pas les fonctionnalités",https://www.copyfy.io/blog/shopify-vs-wordpress
10,Coût réel sur 12 mois : le piège que personne ne te montre,https://www.copyfy.io/blog/shopify-vs-wordpress
10,SEO et contenu : WordPress garde l'avantage,https://www.copyfy.io/blog/shopify-vs-wordpress
10,Tu n'as probablement pas à choisir du tout,https://www.copyfy.io/blog/shopify-vs-wordpress
10,Lequel te correspond ? Choisis ton profil,https://www.copyfy.io/blog/shopify-vs-wordpress
10,Maintenance et passage à l'échelle : qui porte la charge ?,https://www.copyfy.io/blog/shopify-vs-wordpress
10,Questions fréquentes,https://www.copyfy.io/blog/shopify-vs-wordpress
10,La décision qui prime sur la plateforme,https://www.copyfy.io/blog/shopify-vs-wordpress
10,Arrête de galérer avec des outils compliqués et essaie Copyfy gratuitement pendant 5 jours,https://www.copyfy.io/blog/shopify-vs-wordpress
11,Comparer WordPress et Shopify : le CMS selon votre modèle d’affaires,https://mondevis.com/blog/wordpress-vs-shopify-cms/
11,"Coût, SEO, maintenance : impacts concrets sur votre projet web",https://mondevis.com/blog/wordpress-vs-shopify-cms/
12,Facilité d’utilisation et flexibilité de conception,https://www.01net.com/hebergeur/createur-site/shopify-vs-wordpress/
12,Les fonctionnalités de vente et du site web en général,https://www.01net.com/hebergeur/createur-site/shopify-vs-wordpress/
12,Shopify vs WordPress : le match des options techniques et des capacités SEO,https://www.01net.com/hebergeur/createur-site/shopify-vs-wordpress/
12,"Sécurité, maintenance et support client",https://www.01net.com/hebergeur/createur-site/shopify-vs-wordpress/
12,"Les tarifs : qui est le plus compétitif, Shopify ou WordPress ?",https://www.01net.com/hebergeur/createur-site/shopify-vs-wordpress/
12,Shopify vs WordPress : revue des avis de clients,https://www.01net.com/hebergeur/createur-site/shopify-vs-wordpress/
12,Conclusion : plutôt Shopify ou WordPress pour créer son e-commerce ?,https://www.01net.com/hebergeur/createur-site/shopify-vs-wordpress/
12,Foire aux questions (FAQ),https://www.01net.com/hebergeur/createur-site/shopify-vs-wordpress/
13,Top Posts,https://www.reddit.com/r/dropship/comments/hqbpsv/shopify_vs_wordpress/
14,Table des matières,https://www.hulkapps.com/fr/blogs/vrification-de-lidentit-shopify-hub/shopify-vs-wordpress-quelle-plateforme-convient-le-mieux-vos-besoins-en-matire-de-commerce-lectronique
14,Introduction,https://www.hulkapps.com/fr/blogs/vrification-de-lidentit-shopify-hub/shopify-vs-wordpress-quelle-plateforme-convient-le-mieux-vos-besoins-en-matire-de-commerce-lectronique
14,Comprendre Shopify et WordPress,https://www.hulkapps.com/fr/blogs/vrification-de-lidentit-shopify-hub/shopify-vs-wordpress-quelle-plateforme-convient-le-mieux-vos-besoins-en-matire-de-commerce-lectronique
14,En conclusion: l'heure de décider,https://www.hulkapps.com/fr/blogs/vrification-de-lidentit-shopify-hub/shopify-vs-wordpress-quelle-plateforme-convient-le-mieux-vos-besoins-en-matire-de-commerce-lectronique
14,Shopify et WordPress face à face: évaluation des deux écosystèmes,https://www.hulkapps.com/fr/blogs/vrification-de-lidentit-shopify-hub/shopify-vs-wordpress-quelle-plateforme-convient-le-mieux-vos-besoins-en-matire-de-commerce-lectronique
14,Section FAQ: Réponses à vos questions,https://www.hulkapps.com/fr/blogs/vrification-de-lidentit-shopify-hub/shopify-vs-wordpress-quelle-plateforme-convient-le-mieux-vos-besoins-en-matire-de-commerce-lectronique
14,"Conclusion: Votre chemin, votre choix",https://www.hulkapps.com/fr/blogs/vrification-de-lidentit-shopify-hub/shopify-vs-wordpress-quelle-plateforme-convient-le-mieux-vos-besoins-en-matire-de-commerce-lectronique
14,Your wishlist,https://www.hulkapps.com/fr/blogs/vrification-de-lidentit-shopify-hub/shopify-vs-wordpress-quelle-plateforme-convient-le-mieux-vos-besoins-en-matire-de-commerce-lectronique
14,Add to wishlist,https://www.hulkapps.com/fr/blogs/vrification-de-lidentit-shopify-hub/shopify-vs-wordpress-quelle-plateforme-convient-le-mieux-vos-besoins-en-matire-de-commerce-lectronique
15,Quand faut-il choisir Shopify ou WordPress ?,https://www.joptimisemonsite.fr/shopify-ou-wordpress-creation-site-ecommerce/
16,WordPress + WooCommerce : la flexibilité open source,https://www.daidyl.fr/wordpress-vs-shopify/
16,Shopify : la simplicité clé en main,https://www.daidyl.fr/wordpress-vs-shopify/
16,Le site statique e-commerce : la 3e voie,https://www.daidyl.fr/wordpress-vs-shopify/
16,Comparatif synthétique,https://www.daidyl.fr/wordpress-vs-shopify/
16,Quel choix pour votre situation ?,https://www.daidyl.fr/wordpress-vs-shopify/
16,Pour les commerces locaux des Landes et du Pays Basque,https://www.daidyl.fr/wordpress-vs-shopify/
16,Estimez votre potentiel SEO,https://www.daidyl.fr/wordpress-vs-shopify/
16,Simulateur de difficulté SEO,https://www.daidyl.fr/wordpress-vs-shopify/
16,Questions fréquentes,https://www.daidyl.fr/wordpress-vs-shopify/
16,Prêt à dominer Google dans les Landes et le Pays Basque ?,https://www.daidyl.fr/wordpress-vs-shopify/
17,1. Flexibilité et personnalisation,https://mylittlebigweb.com/blogue/wordpress-vs-shopify/
17,2. Coût et maintenance,https://mylittlebigweb.com/blogue/wordpress-vs-shopify/
17,3. WordPress vs Shopify pour le e-commerce,https://mylittlebigweb.com/blogue/wordpress-vs-shopify/
17,4. SEO et visibilité en ligne,https://mylittlebigweb.com/blogue/wordpress-vs-shopify/
17,5. La meilleure plateforme pour les objectifs à long terme,https://mylittlebigweb.com/blogue/wordpress-vs-shopify/
17,6. Sécurité et support,https://mylittlebigweb.com/blogue/wordpress-vs-shopify/
17,7. Tableau comparatif entre WordPress vs Shopify,https://mylittlebigweb.com/blogue/wordpress-vs-shopify/
17,Conclusion : Shopify ou WordPress ?,https://mylittlebigweb.com/blogue/wordpress-vs-shopify/
17,FAQ : Shopify vs WordPress : Quel CMS choisir ?,https://mylittlebigweb.com/blogue/wordpress-vs-shopify/
17,Plus de lecture,https://mylittlebigweb.com/blogue/wordpress-vs-shopify/
19,WordPress vs Shopify : quelle est la différence entre ces deux plateformes ?,https://enjoytonbizz.fr/site-web/shopify-vs-wordpress/
19,Shopify ou WordPress : tableau comparatif complet,https://enjoytonbizz.fr/site-web/shopify-vs-wordpress/
19,WordPress vs Shopify : comparatif des fonctionnalités et coûts,https://enjoytonbizz.fr/site-web/shopify-vs-wordpress/
19,Les pièges à éviter quand tu choisis entre Shopify et WordPress,https://enjoytonbizz.fr/site-web/shopify-vs-wordpress/
19,Shopify ou WordPress : quelle solution pour TON profil ?,https://enjoytonbizz.fr/site-web/shopify-vs-wordpress/
19,Shopify ou WordPress : que faut-il retenir ?,https://enjoytonbizz.fr/site-web/shopify-vs-wordpress/
19,Questions fréquentes sur Shopify ou WordPress,https://enjoytonbizz.fr/site-web/shopify-vs-wordpress/
19,À lire aussi,https://enjoytonbizz.fr/site-web/shopify-vs-wordpress/
