Keyword,Found in Pages,Total Frequency,Max Count on page,Min count on page,Relevancy,Length
reddit,2,10,5,5,1.1666666666666665,1
posts,2,8,4,4,0.9333333333333333,1
top,2,8,4,4,0.9333333333333333,1
top posts,2,8,4,4,1.8666666666666667,2
of,2,6,3,3,0.7,1
rereddit,2,6,3,3,0.7,1
posts of,2,6,3,3,1.4,2
rereddit top,2,6,3,3,1.4,2
reddit rereddit,2,6,3,3,1.4,2
top posts of,2,6,3,3,2.1,3
rereddit top posts,2,6,3,3,2.1,3
reddit rereddit top,2,6,3,3,2.1,3
site,7,121,36,4,15.681363636363637,1
wordpress,9,323,75,4,46.73058441558442,1
woocommerce,7,90,29,3,13.424242424242426,1
shopify,9,333,73,4,45.53025974025974,1
plateforme,6,60,20,3,6.398571428571429,1
gestion,4,26,12,3,2.1831168831168832,1
personnalisation,3,21,12,4,1.6363636363636367,1
technique,5,50,13,6,4.096969696969697,1
flexibilité,3,19,11,4,1.4999999999999996,1
seo,7,54,14,4,6.269393939393939,1
hébergement,6,48,15,4,10.03116883116883,2
plugin,6,87,23,9,9.624285714285715,1
e-commerce,6,56,16,3,11.66831168831169,2
thèmes,3,17,9,3,2.55,2
ligne,8,91,28,3,13.501991341991342,1
option,3,22,8,7,1.4999999999999996,1
boutique,7,124,30,8,14.989696969696968,1
web,5,48,13,5,4.4891774891774885,1
internet,2,17,9,8,0.7904761904761904,1
choix,5,29,8,3,2.8744588744588744,1
offre,6,34,9,3,4.327922077922077,1
créer,5,47,16,5,8.369047619047619,2
fonctionnalité,5,29,11,3,2.19469696969697,1
besoin,4,19,6,3,1.7314285714285713,1
gratuit,5,53,16,6,4.03452380952381,1
wordpress woocommerce,3,12,6,3,1.907142857142857,2
produits,4,17,6,3,1.4380952380952379,1
sécurité,5,28,7,3,4.972727272727273,2
blog,5,23,7,3,1.8673160173160173,1
site e-commerce,2,11,6,5,1.6285714285714286,3
créer site,2,12,6,6,1.7142857142857142,3
utilisateur,4,37,22,4,3.295238095238095,1
extension,4,17,6,3,1.4757575757575758,1
solution,5,42,20,5,3.8202380952380954,1
boutique ligne,4,43,23,4,7.457142857142857,2
outil,3,17,7,4,0.755,1
support,6,30,9,4,3.1414285714285715,1
coût,4,22,10,3,2.83030303030303,2
complète,4,14,4,3,2.203809523809524,2
aspect,2,8,4,4,0.3333333333333333,1
installer,2,8,4,4,0.38095238095238093,1
paiement,5,25,7,3,2.358333333333333,1
référencement,4,16,5,3,3.7506493506493497,3
utilisation,3,12,5,3,0.6892857142857143,1
place,3,11,4,3,0.6285714285714287,1
entreprise,3,12,6,3,0.7821428571428571,1
marque,3,11,5,3,0.5318181818181819,1
forfait,3,11,5,3,0.6042857142857143,1
godaddy,2,6,3,3,0.2857142857142857,1
supplémentaires,2,6,3,3,0.7,2
base,3,13,7,3,1.0050000000000001,1
jour,6,48,16,3,4.53961038961039,1
mises jour,3,10,4,3,1.2899999999999998,2
simple,5,18,4,3,1.2887445887445887,1
débutants,2,7,4,3,0.8,2
intégration,2,6,3,3,0.509090909090909,2
comparatif,3,18,9,3,0.7821428571428571,1
optimiser,3,10,4,3,0.625,1
thèmes plugins,2,7,4,3,1.2,3
gérer,3,11,5,3,1.1785714285714284,2
simplicité,2,6,3,3,0.2857142857142857,1
domaine,4,15,5,3,1.1857142857142857,1
contenu,6,31,15,3,2.8164935064935066,1
créer site internet,2,5,3,2,1.0285714285714285,4
choisir,5,18,6,3,1.3816017316017315,1
vs,5,28,9,3,2.2976190476190474,1
shopify vs wordpress,6,24,7,2,6.574285714285713,3
thème,3,30,16,4,3.4971428571428573,2
système,2,21,16,5,1.8857142857142857,2
disponible,2,14,11,3,0.6357142857142857,1
cms,4,29,10,5,1.7735930735930736,1
fonction,2,13,10,3,0.5545454545454545,1
service,2,12,9,3,0.5,1
site web,2,12,9,3,1,2
temps,4,22,8,3,1.4600000000000002,1
frais,2,11,7,4,0.43,1
maintenance,4,23,7,3,1.2745454545454544,1
adapté,2,10,7,3,0.4,1
shopify wordpress,5,33,10,3,4.678571428571429,2
mise,3,15,6,4,0.7714285714285714,1
déjà,3,15,6,3,1.6200000000000003,2
exemple,2,12,6,6,0.4,1
communauté,2,11,6,5,0.4428571428571429,1
logiciel,2,10,6,4,0.38,1
projet,2,8,5,3,0.30454545454545456,1
facile,2,8,5,3,0.3,1
avantage,4,14,5,3,1.0314285714285714,1
charge,2,10,5,5,0.35,1
vs wordpress,3,18,7,5,1.5,2
shopify vs,3,18,7,5,1.5,2
client,4,24,11,3,1.4685714285714286,1
pay,2,7,4,3,0.32,1
dropshipping,4,23,9,4,1.6057142857142856,1
possibilité,2,8,4,4,0.3142857142857143,1
devez,2,7,4,3,0.25,1
vente,5,33,11,4,2.265476190476191,1
utiliser,3,13,6,3,0.6321428571428571,1
cas,3,16,7,4,0.75,1
rapport,3,20,12,4,0.8714285714285713,1
aide,2,8,4,4,0.36,1
site wordpress,2,8,4,4,0.6285714285714286,2
version,2,7,4,3,0.32,1
utilisé,2,7,4,3,0.25,1
propre,2,8,4,4,0.27999999999999997,1
recherche,2,6,3,3,0.21000000000000002,1
meilleur,5,27,11,3,1.9107142857142858,1
trouver,2,6,3,3,0.2357142857142857,1
question,3,13,5,3,0.5892857142857142,1
complet,2,8,5,3,0.2333333333333333,1
marketing,2,7,4,3,0.22999999999999998,1
grand,2,6,3,3,0.2357142857142857,1
mois,5,30,9,3,1.9840909090909093,1
niveau,4,20,8,3,1.197142857142857,1
compétence,2,7,4,3,0.45999999999999996,2
source,3,12,5,3,0.6792857142857143,1
manière,2,8,5,3,0.4666666666666666,2
compte,5,19,5,3,1.3988095238095237,1
éditeur,3,12,5,3,0.5214285714285715,1
créer boutique ligne,2,5,3,2,0.7428571428571429,4
avis,3,20,9,4,0.8164285714285715,1
vite,2,11,6,5,0.34,1
design,3,14,6,3,0.6471428571428572,1
produit,2,23,19,4,0.54,1
open,2,9,5,4,0.3028571428571428,1
open source,2,9,5,4,0.6057142857142856,2
milliers,2,8,4,4,0.2742857142857143,1
côté,3,10,4,3,0.8100000000000002,2
veux,2,10,6,4,0.28,1
extensions,2,7,4,3,0.2342857142857143,1
modifier,2,7,4,3,0.2342857142857143,1
total,2,6,3,3,0.18000000000000002,1
contrôle,2,13,10,3,0.64,2
contrôle total,2,6,3,3,0.54,3
prix,3,14,8,3,0.6128571428571428,1
commerce,2,6,3,3,0.15,1
commerce ligne,2,6,3,3,0.3,2
hébergeur,2,30,21,9,1.5,2
hostinger,2,23,13,10,0.5380952380952381,1
propose,2,20,12,8,0.47619047619047616,1
qualité,2,12,9,3,0.3071428571428571,1
mutualisé,2,11,8,3,0.2785714285714286,1
support client,2,11,8,3,0.5571428571428572,2
o2switch,2,13,7,6,0.3,1
planethoster,2,12,7,5,0.2833333333333333,1
remboursé,2,10,7,3,0.25,1
satisfait,2,11,7,4,0.26666666666666666,1
satisfait remboursé,2,10,7,3,0.5,2
gamme,2,10,7,3,0.25,1
vpn,2,12,6,6,0.27142857142857146,1
pourrez,2,17,11,6,0.3547619047619047,1
jours satisfait,2,9,6,3,0.4428571428571429,2
jours satisfait remboursé,2,9,6,3,0.6642857142857144,3
gamme mutualisé,2,9,6,3,0.4428571428571429,2
gamme mutualisé vps,2,8,6,2,0.6142857142857142,3
antivirus,2,23,18,5,0.4428571428571429,1
surfshark,2,10,5,5,0.2261904761904762,1
cyberghost,2,10,5,5,0.2261904761904762,1
expressvpn,2,10,5,5,0.2261904761904762,1
nordvpn,2,10,5,5,0.2261904761904762,1
vpn gratuit,2,10,5,5,0.4523809523809524,2
plan,2,12,7,5,0.2595238095238095,1
wordpress shopify,2,8,5,3,0.3857142857142857,2
application,2,8,5,3,0.19740259740259739,1
tarifs,2,9,5,4,0.2095238095238095,1
effet,2,9,5,4,0.1976190476190476,1
commission,2,7,4,3,0.16428571428571428,1
sachez,2,10,6,4,0.21428571428571427,1
tourner,2,11,7,4,0.2542857142857143,1
options,2,7,4,3,0.16883116883116883,1
modèle,2,10,6,4,0.44675324675324674,2
devrez,2,7,4,3,0.16428571428571428,1
expressvpn cyberghost,2,6,3,3,0.27142857142857146,2
premium,2,6,3,3,0.14571428571428574,1
gratuitement,2,6,3,3,0.14571428571428574,1
partie,3,11,4,3,0.34857142857142853,1
wordpress joomla magento,2,5,3,2,0.3571428571428571,3
shopify propose,2,6,3,3,0.27142857142857146,2
code,2,6,3,3,0.13571428571428573,1
mettre,2,6,3,3,0.13571428571428573,1
grâce,2,6,3,3,0.2805194805194805,2
point,3,13,7,3,0.39357142857142857,1
passer,2,6,3,3,0.14571428571428574,1
vendre,3,17,9,3,0.49499999999999994,1
ssl,2,6,3,3,0.11000000000000001,1
demande,2,6,3,3,0.11000000000000001,1
main,2,6,3,3,0.10454545454545454,1
