Page position,H1,URL
1,Dropshipping pour WooCommerce,https://woocommerce.com/fr/products/woocommerce-dropshipping/
2,Les meilleurs plugins de drop­ship­ping Woo­Com­merce,https://www.ionos.fr/digitalguide/web-marketing/vendre-sur-internet/plugins-de-dropshipping/
3,Comment faire du dropshipping avec WordPress ?,https://wpmarmite.com/dropshipping-wordpress/
5,Top 20 des meilleurs fournisseurs WooCommerce,https://www.minea.com/fr/fournisseur-dropshipping/meilleurs-fournisseurs-dropshipping/fournisseurs-dropshipping-woocommerce
6,Extensions,https://woocommerce.com/fr/product-category/woocommerce-extensions/shipping-delivery-and-fulfillment/fulfillment-and-dropshipping/
8,Pro Add-on for Dropshipping pour WooCommerce,https://woocommerce.com/fr/products/pro-add-on-for-woocommerce-dropshipping/
9,WooCommerce Dropshipping Plugin,https://alidropship.com/woocommerce-dropshipping-plugin/
10,WooCommerce Dropshipping,https://woocommerce.com/document/woocommerce-dropshipping/
11,Elevate WooCommerce dropshipping selling,https://syncee.com/page/woocommerce-dropshipping/
12,5 meilleurs plugins WooCommerce Dropshipping pour votre boutique en ligne,https://notificationx.com/fr/blog/best-woocommerce-dropshipping-plugins/
13,Le guide essentiel pour configurer WooCommerce Dropshipping,https://www.bluehost.com/fr/blog/le-guide-essentiel-pour-configurer-woocommerce-dropshipping/
14,J'ai testé les 5 meilleurs plugins de dropshipping WooCommerce,https://www.wpbeginner.com/fr/showcase/best-woocommerce-dropshipping-plugins-compared/
15,Livraison directe WooCommerce,https://eprolo.com/fr/woocommerce-dropshipping/
16,WooCommerce dropshipping: Complete guide + 11 best plugins,https://www.omnisend.com/blog/woocommerce-dropshipping/
17,Les plugins Woocommerce pour le dropshipping,https://www.guidedropshipping.com/guide-plugins-woocommerce-dropshippingxl/
18,Les meilleurs plugins de dropshipping WooCommerce en 2026,https://www.spocket.co/fr/blogs/meilleurs-plugins-de-dropshipping-pour-woocommerce
19,Extensions,https://woocommerce.com/product-category/woocommerce-extensions/shipping-delivery-and-fulfillment/fulfillment-and-dropshipping/
20,WooCommerce Dropshipping Guide pour 2023: tous les tenants et aboutissants,https://ecommerce-platforms.com/fr/ecommerce-selling-advice/woocommerce-dropshipping
