Page position,URL,Question,Answer
3,https://hellodarwin.com/fr/blogue/shopify-wordpress-quelle-plateforme-choisir,Qu'est-ce que Shopify?,Shopify est une plateforme pour créer des sites de magasin en ligne de façon autonome.
3,https://hellodarwin.com/fr/blogue/shopify-wordpress-quelle-plateforme-choisir,Qu'est-ce que Wordpress?,"Wordpress est principalement reconnue pour le contenu de blog et la création de sites internet. Toutefois, la plateforme a élargi son offre avec le plugin WooCommerce, ce qui lui permet de se tailler une place importante dans le domaine du e-commerce."
11,https://mondevis.com/blog/wordpress-vs-shopify-cms/,Quel budget pru00e9voir pour un site WordPress ou Shopify sur 2 ans ?,"Pour WordPress, le cou00fbt total oscille entre 500 et 2 500 u20ac, en incluant le du00e9veloppement initial, lu2019hu00e9bergement (4 u00e0 15 u20ac/mois) et les plugins premium. Shopify revient entre 650 et 3 500 u20ac selon lu2019offre choisie et le volume du2019applications, maintenance incluse."
11,https://mondevis.com/blog/wordpress-vs-shopify-cms/,Quelles diffu00e9rences en matiu00e8re de ru00e9fu00e9rencement SEO ?,"WordPress propose des outils avancu00e9s du2019optimisation SEO (balises, permaliens, sitemaps, plugins spu00e9cialisu00e9s). Shopify offre des options intu00e9gru00e9es mais reste moins flexible pour les besoins u00e9ditoriaux complexes ou le ru00e9fu00e9rencement international."
11,https://mondevis.com/blog/wordpress-vs-shopify-cms/,"Peut-on migrer facilement de Shopify vers WordPress, ou inversement ?","La migration de Shopify vers WordPress nu00e9cessite une exportation des produits/commandes, une refonte du design et lu2019intu00e9gration manuelle des contenus. Lu2019opu00e9ration inverse est plus simple gru00e2ce u00e0 des modules de migration, mais elle implique une adaptation des fonctionnalitu00e9s."
11,https://mondevis.com/blog/wordpress-vs-shopify-cms/,Quel CMS choisir pour une boutique multilingue ?,"Shopify gu00e8re nativement plusieurs langues mais limite la personnalisation des pages traduites. WordPress, via des extensions comme WPML, permet un contru00f4le total sur les versions linguistiques et le SEO multilingue."
16,https://www.daidyl.fr/wordpress-vs-shopify/,WooCommerce ou Shopify : lequel est le moins cher ?,"Cela dépend de votre chiffre d'affaires. WooCommerce semble gratuit mais le coût réel (hébergement performant, plugins, sécurité, maintenance) atteint 1 200 à 4 000 €/an. Shopify coûte 32 à 399 €/mois + 0,5-2% de commission. Pour les petites boutiques (< 50 000 € CA/an), WooCommerce revient souvent moins cher. Au-delà, les commissions Shopify pèsent lourd."
16,https://www.daidyl.fr/wordpress-vs-shopify/,Peut-on vraiment faire du e-commerce avec un site statique ?,"Oui, pour les petits à moyens catalogues. Des solutions comme Snipcart ou Shopify Buy Button s'intègrent dans un site statique pour gérer panier, paiement et commandes. C'est idéal pour les boutiques de 1 à quelques centaines de produits. En revanche, pour un gros catalogue avec gestion de stocks avancée, Shopify ou WooCommerce restent plus adaptés."
16,https://www.daidyl.fr/wordpress-vs-shopify/,Quelle plateforme est la meilleure pour le SEO e-commerce ?,"Le site statique offre les meilleures performances techniques (PageSpeed 95+), ce qui avantage le SEO. Shopify est correct (50-70) mais impose certaines contraintes (structure d'URL figée). WooCommerce peut bien se référencer avec Yoast SEO, mais ses performances freinent les Core Web Vitals."
16,https://www.daidyl.fr/wordpress-vs-shopify/,Shopify est-il plus facile que WordPress pour le e-commerce ?,"Oui, nettement. Shopify est une solution clé en main : pas de serveur à gérer, pas de plugins à mettre à jour, paiement intégré. WooCommerce nécessite de gérer l'hébergement, les mises à jour, les compatibilités de plugins et la sécurité. C'est plus technique."
16,https://www.daidyl.fr/wordpress-vs-shopify/,Puis-je migrer de WooCommerce ou Shopify vers un site statique ?,"Oui. Nous proposons des migrations depuis WooCommerce et Shopify vers des sites statiques avec e-commerce intégré. Le catalogue produits, les images et les métadonnées SEO sont transférés, et les redirections 301 préservent votre référencement."
19,https://enjoytonbizz.fr/site-web/shopify-vs-wordpress/,Shopify ou WordPress : quelle est la meilleure plateforme ?,"Le choix entre Shopify et WordPress dépend vraiment de ton projet et de tes priorités. Shopify est idéal si tu veux une solution rapide et simple, avec tout géré par l’outil. WordPress te donne plus de liberté, de contrôle sur le design, le SEO et les coûts sur le long terme. Si tu hésites, notre comparatif Shopify vs WordPress te permet de voir en détail les avantages et limites de chaque option."
19,https://enjoytonbizz.fr/site-web/shopify-vs-wordpress/,Peut-on créer une boutique en ligne avec WordPress ?,"Oui, absolument ! Grâce à l’extension WooCommerce, WordPress peut devenir une boutique en ligne complète, flexible et évolutive. Tu peux gérer tes produits, tes paiements, ton stock et même ton SEO facilement. Pour beaucoup d’entrepreneurs, WordPress est la solution qui allie liberté et performance, contrairement à Shopify où tout est déjà intégré mais moins modulable."
19,https://enjoytonbizz.fr/site-web/shopify-vs-wordpress/,WooCommerce est-il gratuit ?,"WooCommerce est gratuit et open source, ce qui te permet de créer ta boutique sans abonnement. Cependant, certaines fonctionnalités avancées ou extensions peuvent être payantes (passerelle de paiement, modules marketing, etc.). C’est un point important à prendre en compte quand tu compares Shopify vs WordPress : Shopify inclut tout, mais avec un coût mensuel fixe souvent plus élevé."
19,https://enjoytonbizz.fr/site-web/shopify-vs-wordpress/,Shopify est-il plus cher que WordPress ?,"En général, oui. Shopify repose sur un abonnement mensuel, auquel s’ajoutent parfois des frais pour certaines applications ou thèmes premium. Avec WordPress, tu as un coût initial pour l’hébergement et éventuellement pour des extensions, mais sur le long terme, c’est souvent plus économique. Notre guide Shopify vs WordPress détaille bien ces différences de budget."
19,https://enjoytonbizz.fr/site-web/shopify-vs-wordpress/,Peut-on migrer de Shopify vers WordPress ?,"Oui, c’est possible, mais ce n’est pas automatique : il faut exporter tes produits, commandes et contenus, puis les réimporter dans WordPress via WooCommerce. La migration peut demander un peu de temps et de technicité, surtout pour que le SEO et le design restent optimisés. Si tu souhaites éviter ces contraintes, tu peux envisager de déléguer cette étape à un professionnel."
19,https://enjoytonbizz.fr/site-web/shopify-vs-wordpress/,Shopify est-il bon pour le SEO ?,"Shopify propose des fonctionnalités SEO basiques, mais elles restent limitées comparées à WordPress. Avec WordPress, tu peux optimiser chaque page, chaque balise et chaque contenu, ce qui est un vrai avantage pour apparaître sur Google. Pour tous ceux qui réfléchissent à long terme, le choix entre Shopify et WordPress se joue souvent sur ce point."
