Page position,Title,URL
1,Dropshipping for WooCommerce - WooCommerce Marketplace,https://woocommerce.com/fr/products/woocommerce-dropshipping/
2,Plugins de dropshipping Woocommerce : le meilleur pour vendre en ligne - IONOS,https://www.ionos.fr/digitalguide/web-marketing/vendre-sur-internet/plugins-de-dropshipping/
3,Faire du dropshipping avec WordPress : mode d'emploi,https://wpmarmite.com/dropshipping-wordpress/
5,Meilleurs fournisseurs WooCommerce pour dropshipping,https://www.minea.com/fr/fournisseur-dropshipping/meilleurs-fournisseurs-dropshipping/fournisseurs-dropshipping-woocommerce
6,Exécution et dropshipping - WooCommerce,https://woocommerce.com/fr/product-category/woocommerce-extensions/shipping-delivery-and-fulfillment/fulfillment-and-dropshipping/
8,Pro Add-on for Dropshipping - WooCommerce Marketplace,https://woocommerce.com/fr/products/pro-add-on-for-woocommerce-dropshipping/
9,WooCommerce Dropshipping Plugin | Dropship with WooCommerce,https://alidropship.com/woocommerce-dropshipping-plugin/
10,WooCommerce Dropshipping Documentation - WooCommerce,https://woocommerce.com/document/woocommerce-dropshipping/
11,WooCommerce Dropshipping - #1 Platform for Success - Syncee,https://syncee.com/page/woocommerce-dropshipping/
12,5 meilleurs plugins WooCommerce Dropshipping pour votre boutique en ligne,https://notificationx.com/fr/blog/best-woocommerce-dropshipping-plugins/
13,Un guide pas à pas pour les débutants sur le Dropshipping WooCommerce,https://www.bluehost.com/fr/blog/le-guide-essentiel-pour-configurer-woocommerce-dropshipping/
14,J'ai testé les 5 meilleurs plugins de dropshipping WooCommerce,https://www.wpbeginner.com/fr/showcase/best-woocommerce-dropshipping-plugins-compared/
15,Plugin de Dropshipping pour WooCommerce | WordPress | EPROLO,https://eprolo.com/fr/woocommerce-dropshipping/
16,WooCommerce Dropshipping: Complete Guide + 11 Best Plugins,https://www.omnisend.com/blog/woocommerce-dropshipping/
17,Les plugins Woocommerce pour le dropshipping – Le guide du dropshipping,https://www.guidedropshipping.com/guide-plugins-woocommerce-dropshippingxl/
18,Les meilleurs plugins de dropshipping WooCommerce en 2026,https://www.spocket.co/fr/blogs/meilleurs-plugins-de-dropshipping-pour-woocommerce
19,Fulfillment and dropshipping - WooCommerce,https://woocommerce.com/product-category/woocommerce-extensions/shipping-delivery-and-fulfillment/fulfillment-and-dropshipping/
20,WooCommerce Dropshipping Guide pour 2023 : tous les tenants et aboutissants - Ecommerce-Platforms.com,https://ecommerce-platforms.com/fr/ecommerce-selling-advice/woocommerce-dropshipping
