Position,Organic Position,Page,SERP Type,Type,SERP Title,Title,URL,SERP Description,Meta Description,Hostname,TLD,Page Rank,Word Count,Image Count,Publication Date,Modification Date,Is Organic,Is AMP,Has SERP FAQ,Has On Page FAQ,Schema Type
1,1,1,page,article,WooCommerce vs Shopify : quelle plateforme e-commerce ...,WooCommerce vs Shopify: comparatif des plateformes ecommerce,https://wpmarmite.com/woocommerce-vs-shopify/,"5 mai 2026 — WooCommerce s'impose comme la meilleure solution pour une stratégie de contenu et de SEO avancée, tandis que Shopify propose un blog plus limité ...",WooCommerce vs Shopify : quelle plateforme choisir pour votre boutique en ligne ? On les a testées pour vous aider à y voir plus clair,wpmarmite.com,com,38,7670,45,05 May 2026,05 May 2026,True,,False,False,
2,2,1,page,social,WooCommerce vs Shopify,Reddit - The heart of the internet,https://www.reddit.com/r/woocommerce/comments/10jh5g6/woocommerce_vs_shopify/,"WooCommerce offers amazing flexibility and control, which is great if you're into customizing your store. Plus, it's generally more cost- ...",,reddit.com,com,60,182,2,No Publication Date Found,No Modification Date Found,True,,False,False,
3,3,1,page,article,Woocommerce vs Shopify : Quelle est la Meilleure Option ?,Woocommerce vs Shopify : Quelle est la Meilleure Option ?,https://www.hostinger.com/fr/tutoriels/shopify-vs-woocommerce,"20 janv. 2025 — Le verdict. Shopify apparaît comme supérieur à WooCommerce. En effet, il possède plus d'outils de vente intégrés. Ils englobent de multiples ...",Woocommerce vs Shopify quelle est la plateforme adaptée à vos besoins pour créer une boutique en ligne ? Consultez notre comparatif,hostinger.com,com,48,8003,23,04 October 2022,20 January 2025,True,,False,False,"Organization,WebSite,ImageObject,BreadcrumbList,WebPage,Person,Article"
4,4,1,video,,,,,,,,,,,,No Publication Date Found,No Modification Date Found,True,,False,False,
5,5,1,page,article,Shopify vs WooCommerce : quel est le meilleur choix ?,Shopify vs WooCommerce : quel est le meilleur choix ?,https://agence-kobalt.fr/blog-site-internet/shopify-vs-woocommerce-comparatif/,"5 sept. 2025 — Comparatif clair : coûts, transactions, SEO, hébergement et support. Choisissez la meilleure solution pour créer une boutique en ligne ...","Comparatif clair : coûts, transactions, SEO, hébergement et support. Choisissez la meilleure solution pour créer une boutique en ligne performante",agence-kobalt.fr,fr,18,2650,18,05 September 2025,17 September 2025,True,,False,False,"Organization,WebSite,ImageObject,BreadcrumbList,WebPage,Person,BlogPosting"
6,6,1,questions,,,,,,,,,,,,No Publication Date Found,No Modification Date Found,True,,False,False,
7,7,1,page,article,WooCommerce vs Shopify : laquelle choisir pour votre ...,WooCommerce vs Shopify : laquelle choisir pour votre boutique en ligne ?,https://www.sortlist.fr/blog/woocommerce-vs-shopify/,"16 janv. 2023 — Coûts et Budget: WooCommerce est gratuit mais nécessite l'achat d'un hébergement et éventuellement de thèmes ou plugins payants. Shopify, bien ...","Vous ignorez quelle plateforme choisir pour créer une boutique en ligne ? Pour vous aider, voici notre comparaison WooCommerce vs Shopify",sortlist.fr,fr,19,3316,24,16 January 2023,29 August 2024,True,,False,False,"Article,WebPage,ImageObject,BreadcrumbList,WebSite,Person,Product"
8,8,1,page,article,Shopify vs WooCommerce,WooCommerce ou Shopify : quel CMS e-commerce est fait pour vous ?,https://www.presse-citron.net/hebergeur/comparatif/shopify-vs-woocommerce/,"12 août 2025 — Shopify est idéal pour ceux qui veulent une solution simple, rapide et avec support intégré. WooCommerce convient mieux à ceux qui recherchent ...",Quel CMS choisir entre Shopify et WooCommerce afin de créer une boutique en ligne ? Découvrez notre avis sur la question dans ce comparatif,presse-citron.net,net,26,4293,14,12 August 2025,12 August 2025,True,,False,False,"Article,WebPage,ImageObject,BreadcrumbList,WebSite,Organization,Person"
9,9,1,page,article,WooCommerce vs Shopify,WooCommerce vs Shopify,https://woocommerce.com/woocommerce-vs-shopify/,WooCommerce lets you earn more while spending less than Shopify. Build exactly the store you need with the latest features — all for a fraction of the total ...,WooCommerce lets you earn more while spending less than Shopify. Build exactly the store you need with the latest features — all for a fraction of the total cost,woocommerce.com,com,57,2925,36,28 February 2018,30 April 2026,True,,False,False,"WebPage (2),ImageObject,WebSite,Organization"
10,10,1,page,article,Shopify vs WooCommerce : le comparatif,Shopify vs WooCommerce : le comparatif,https://www.codeur.com/blog/shopify-woocommerce-comparatif/,"Si l'on regarde le temps de chargement, Shopify est bien plus rapide que WooCommerce puisqu'il est hébergé sur une plateforme. La vitesse de votre boutique ...","PrestaShop, Magento, WordPress, Shopify, etc, vous l’aurez remarqué, ce ne sont pas les plateformes qui manquent pour créer votre boutique en ligne",codeur.com,com,29,2138,24,21 September 2018,11 September 2025,True,,False,False,"Article,WebPage,ImageObject,BreadcrumbList,WebSite,Organization,Person"
11,11,2,page,article,WooCommerce vs Shopify : comparatif boutique en ligne,WooCommerce vs Shopify : comparatif boutique en ligne,https://www.welko.fr/woocommerce-vs-shopify/,"Si on affine l'analyse sur les sites qui vendent le plus, c'est WooCommerce qui arrive en tête (26 %), Shopify devant se contenter de 20 %. Magento se place en ...",WooCommerce vs Shopify : toute personne qui veut créer une boutique en ligne se pose la question. Voici les points forts et faibles des 2,welko.fr,fr,22,2726,69,24 May 2023,17 October 2024,True,,False,False,"Person (2),Organization,WebSite,ImageObject,BreadcrumbList,WebPage,NewsArticle"
12,12,2,page,article,Comparatif WooCommerce vs Shopify pour votre ...,Comparatif WooCommerce vs Shopify pour votre plateforme ecommerce | helloDarwin,https://hellodarwin.com/fr/blogue/comparatif-woocommerce-shopify-plateformes-ecommerce,"25 août 2025 — Shopify et WooCommerce, comparaison des prix. En ce qui concerne les coûts pour Shopify, il en coûtera entre 140$ à 180$ pour l'achat d'un thème ...",Plusieurs sites proposent de créer une boutique en ligne. Si vous faites partie de ceux qu,hellodarwin.com,com,33,1630,13,15 February 2018,25 August 2025,True,,False,False,Article
13,13,2,page,social,WooCommerce vs Shopify pour une petite boutique,Reddit - The heart of the internet,https://www.reddit.com/r/woocommerce/comments/1hstybw/woo_vs_shopify_for_small_store/,"WooCommerce offre plus de flexibilité et de contrôle, mais demande plus d'efforts de gestion. Si vous n'êtes pas très à l'aise avec la ...",,reddit.com,com,60,116,2,No Publication Date Found,No Modification Date Found,True,,False,False,
14,14,2,page,article,Shopify vs WooCommerce: What To Know for 2026,Shopify vs WooCommerce: What To Know for 2026,https://www.websitebuilderexpert.com/ecommerce-website-builders/comparisons/woocommerce-vs-shopify/,"12 mars 2026 — Shopify's setup tools makes it quick and easy to add a large inventory, whereas WooCommerce requires coding and third-party hosting and domain ...","Is Shopify or WooCommerce the right ecommerce platform for you? Find out with this comparison, in which I examine pricing, sales features, security, and more",websitebuilderexpert.com,com,29,4121,42,02 May 2018,12 March 2026,True,,False,False,"NewsArticle,WebPage,ImageObject,BreadcrumbList,WebSite,Organization,Person"
15,15,2,page,article,WooCommerce vs Shopify : quelle est la meilleure ...,WooCommerce vs Shopify : quelle est la meilleure plateforme ? | Wpmet,https://wpmet.com/fr/difference-entre-shopify-et-woocommerce/,22 oct. 2025 — Vous pouvez librement personnaliser votre boutique avec WooCommerce car c'est Open source. Il n'y a aucune restriction. Shopify est en charge ...,"WooCommerce et Shopify sont deux des plateformes de commerce électronique les plus populaires et faciles à utiliser du marché. Dans ce blog, nous verrons lequel choisir et pourquoi",wpmet.com,com,43,3411,33,09 November 2021,22 October 2025,True,,False,False,"Place,LocalBusiness,Organization,WebSite,ImageObject,WebPage,Person,BlogPosting"
16,16,2,page,website,Comparaison entre Shopify et WooCommerce,Comparaison entre Shopify et WooCommerce - Shopify France,https://www.shopify.com/fr/comparaison/shopify-vs-woocommerce,"Shopify possède le meilleur système de paiement au monde et, en moyenne, un taux de conversion 17 % plus élevé que WooCommerce. Considérez cette différence de ...",Protégez vos données et développez votre activité sur une plateforme axée sur le commerce en passant de WooCommerce à Shopify. Cette comparaison directe entre les deux solutions vous explique tout,shopify.com,com,50,588,27,No Publication Date Found,No Modification Date Found,True,,False,False,
17,17,2,page,article,Shopify vs WooCommerce : Quelle plateforme e-commerce ...,Blog | eesel AI | eesel AI,https://www.eesel.ai/fr/blog/shopify-vs-woocommerce,"8 oct. 2025 — La plus grande différence entre Shopify et WooCommerce se résume en réalité à un simple compromis : la commodité contre des frais, ou le ...","Conseils, guides et analyses sur les collègues IA, l'automatisation du support client et la construction d'équipes plus efficaces",eesel.ai,ai,33,537,20,,No Modification Date Found,True,,False,False,"Organization,CollectionPage"
18,18,2,page,article,Shopify vs WooCommerce : laquelle choisir ? (2024) - CNFN,Shopify vs WooCommerce : laquelle choisir ? (2024) - CNFN,https://cnfn.fr/blog/shopify-vs-woocommerce-comparatif/,20 mars 2024 — Quelles sont les grandes différences entre WooCommerce et Shopify ? · Plateforme et Hébergement · Facilité d'installation · Personnalisation et ...,"Pour vous orienter vers la meilleure option, nous vous proposerons une analyse comparative détaillée entre Shopify et WooCommerce",cnfn.fr,fr,29,2833,25,,No Modification Date Found,True,,False,False,
19,19,2,page,,Shopify vs WooCommerce - Une comparaison détaillée,Shopify vs WooCommerce - Une comparaison détaillée,https://fr.linkedin.com/pulse/shopify-vs-woocommerce-detailed-comparison-autviz-solutions-x6l9f,"Contrairement au modèle open source de WooCommerce, Shopify fonctionne comme une plateforme propriétaire, offrant une gamme variée de ...",,fr.linkedin.com,com,51,,,No Publication Date Found,No Modification Date Found,True,,False,False,
