Mot-cle,Volume mensuel (DE),Concurrence (0-1),CPC (EUR),Difficulte SEO (KD),Intention principale,Tendance YoY (%),2025-05,2025-06,2025-07,2025-08,2025-09,2025-10,2025-11,2025-12,2026-01,2026-02,2026-03,2026-04
tablepress,170,0.12,,20,informational (0.62),-19,210,170,170,170,170,170,140,140,140,140,170,
tablepress wordpress,40,0.11,2.38,58,navigational (0.79),-60,40,30,40,40,30,30,50,40,40,30,30,20
wp tablepress,40,0.11,2.38,,navigational,-60,40,30,40,40,30,30,50,40,40,30,30,20
wordpress tablepress,40,0.04,,58,commercial,-40,40,30,40,40,30,30,50,40,40,30,30,
wordpress tabellen plugin,40,0.33,3.34,,navigational (0.35),-86,90,50,70,20,40,20,20,30,40,30,10,
tablepress 3.3,0,,,,commercial (0.49) / informational (0.40),,,,,,,,,,,,,
tablepress wordpress plugin,10,0.03,,55,commercial,,,,,,,,,,,,,
tablepress css,10,0.0,,51,informational,,,,,,,,,,,,,
tablepress alternative,10,0.29,,,informational,,,,,,,,,,,,,
tablepress shortcode,10,0.0,,,transactional,,,,,,,,,,,,,
tablepress demo,10,0.0,,,informational,,,,,,,,,,,,,
tablepress responsive tables,10,0.0,,,commercial,,,,,,,,,,,,,
tablepress filter,10,,,,transactional,,,,,,,,,,,,,
tablepress column width,10,0.0,,,informational,,,,,,,,,,,,,
tablepress mobile responsive,10,0.0,,,navigational,,,,,,,,,,,,,
tablepress css styling,10,0.0,,,informational,,,,,,,,,,,,,
tablepress extensions,10,,,,transactional,-100,,,,,,,,,,,,
tablepress horizontal scrolling,10,,,,informational,-100,,,,,,,,,,,,
tablepress table width,10,,,,informational,-100,,,,,,,,,,,,
wordpress tablepress responsive,10,0.0,,,commercial,,,,,,,,,,,,,
tablepress colspan,10,,,,transactional,-100,,,,,,,,,,,,
tablepress mysql,10,,,,informational,,,,,,,,,,,,,
tablepress font-size,10,,,,informational,,,,,,,,,,,,,
tablepress extra css classes,10,,,,informational,,,,,,,,,,,,,
tablepress faq,10,,,,informational,,,,,,,,,,,,,
tablepress responsive css,10,,,,informational,-100,,,,,,,,,,,,
acf tablepress,10,,,,transactional,,,,,,,,,,,,,
