keyword,main_intent,search_volume_us,competition,competition_index,cpc_usd,2025-05,2025-06,2025-07,2025-08,2025-09,2025-10,2025-11,2025-12,2026-01,2026-02,2026-03,2026-04
learn wordpress,informational,480,MEDIUM,45,7.13,720,590,480,590,590,480,390,390,480,480,590,390
how to learn wordpress,informational,480,MEDIUM,45,7.13,720,590,480,590,590,480,390,390,480,480,590,390
wordpress for beginners,informational,320,MEDIUM,46,4.28,390,320,320,260,480,260,170,260,260,260,320,260
is wordpress hard to learn,informational,90,LOW,11,19.76,110,90,110,90,90,110,70,70,90,110,90,70
how long does it take to learn wordpress,informational/commercial,40,LOW,10,,50,50,50,50,30,30,30,20,30,30,40,30
wordpress crash course,informational,40,MEDIUM,44,1.33,50,50,40,50,40,40,30,30,50,30,70,40
learn wordpress fast,informational,20,LOW,21,2.11,40,30,10,10,20,10,10,10,10,10,40,20
learn wordpress in a day,transactional/informational,10,MEDIUM,57,,,,10,10,10,10,10,10,,10,10,10
can i learn wordpress in a day,informational,10,,,,10,10,10,10,10,,,10,10,10,10,
learn wordpress in one day,informational,0,,,,,,,,,,,,,,,
can you learn wordpress in a day,informational,0,,,,,,,,,,,,,,,
