schoolsWP - Audit DataForSEO,,,,,
Article,"Dropshipping : Shopify vs WordPress",,,,
URL,https://schoolswp.com/dropshipping-shopify-vs-wordpress/,,,,
Date audit,2026-05-29,,,,
Source,DataForSEO (France / fr) + Google Search Console,,,,
,,,,,
=== CLUSTER MOTS-CLES (DataForSEO France/FR) ===,,,,,
Mot-cle,Volume/mois,KD,CPC EUR,Concurrence,Intention,Tendance 1 an
shopify dropshipping,480,28,2.33,MEDIUM,commercial,-64%
shopify vs woocommerce,170,1,4.26,LOW,commercial,-92%
dropshipping wordpress,90,,1.5,LOW,commercial,-98%
woocommerce vs shopify,90,,12.62,LOW,commercial,-76%
dropshipping woocommerce,70,1,2.24,LOW,commercial,-71%
shopify ou woocommerce,50,,0.39,LOW,commercial,-56%
shopify ou wordpress,50,,1.69,LOW,navigational,-79%
shopify vs wordpress,15,,,,commercial,
dropshipping avec wordpress (focus actuel),10,,,LOW,commercial,
dropshipping shopify vs wordpress,<10,,,,,
,,,,,
=== MOTS-CLES POSITIONNES (page - DataForSEO) ===,,,,,
Mot-cle,Position,Volume,ETV,,
shopify ou wordpress,31,50,0.105,,
,,,,,
=== SERP TOP 10 - shopify vs woocommerce (France) ===,,,,,
Rang,Domaine,URL,Titre,Date
1,wpmarmite.com,https://wpmarmite.com/woocommerce-vs-shopify/,"WooCommerce vs Shopify : quelle plateforme e-commerce",2026-05-05
2,reddit.com,https://www.reddit.com/r/woocommerce/comments/10jh5g6/woocommerce_vs_shopify/,"WooCommerce vs Shopify (thread r/woocommerce)",il y a 3 ans
3,hostinger.com,https://www.hostinger.com/fr/tutoriels/shopify-vs-woocommerce,"Woocommerce vs Shopify : Quelle est la Meilleure Option ?",2025-01-20
video pack,youtube.com,https://www.youtube.com/watch?v=E_yeCkg1uuU,"Style Factory / Jeremy Mura (videos vs)",2026-04-29
4,agence-kobalt.fr,https://agence-kobalt.fr/blog-site-internet/shopify-vs-woocommerce-comparatif/,"Shopify vs WooCommerce : quel est le meilleur choix ?",2025-09-05
5,sortlist.fr,https://www.sortlist.fr/blog/woocommerce-vs-shopify/,"WooCommerce vs Shopify : laquelle choisir",2023-01-16
6,presse-citron.net,https://www.presse-citron.net/hebergeur/comparatif/shopify-vs-woocommerce/,"Shopify vs WooCommerce",2025-08-12
7,youtube.com,https://www.youtube.com/watch?v=4xfPC1M4myw,"WooCommerce vs Shopify (LWS)",2023-03-02
8,woocommerce.com,https://woocommerce.com/woocommerce-vs-shopify/,"WooCommerce vs Shopify",
9,codeur.com,https://www.codeur.com/blog/shopify-woocommerce-comparatif/,"Shopify vs WooCommerce : le comparatif",
,,,,,
=== PEOPLE ALSO ASK (candidats FAQ) ===,,,,,
Is WooCommerce better than Shopify?,,,,,
What is the disadvantage of Shopify?,,,,,
Why is Shopify better than WordPress?,,,,,
Does Kim Kardashian use Shopify?,,,,,
,,,,,
=== RECHERCHES ASSOCIEES ===,,,,,
Shopify vs WooCommerce reddit,,,,,
Hostinger ou Shopify,,,,,
,,,,,
=== GSC - TOP REQUETES REELLES (180j : 0 clic / 433 impressions) ===,,,,,
Requete,Impressions,Position,Clics,,
dropshipping shopify vs wordpress,118,6.0,0,,
shopify ou wordpress,70,31.5,0,,
dropshipping avec wordpress,33,34.3,0,,
drop shipping wordpress,24,37.2,0,,
shopify vs wordpress,15,41.4,0,,
dropshipping wordpress,14,21.6,0,,
shopify vs woocommerce,12,79.0,0,,
wordpress dropshipping,11,47.8,0,,
quelle plateforme de commerce electronique est la meilleure pour le dropshipping,10,12.5,0,,
storebuilder la meilleure alternative shopify,9,8.1,0,,
wordpress ou shopify,9,27.4,0,,
