Nom,Adresse,Telephone,Site Web,Email,Categories,Note Google,Nombre Avis,URL Google Maps,Decideur_Nom,Decideur_Poste,Decideur_LinkedIn
Agence Tiz,104 Rue de Hochfelden; 67200 Strasbourg; France,+33 3 67 10 18 50,https://www.tiz.fr/?utm_source=googlebusiness,,Concepteur de sites Web | Agence de publicité | Service d'e-commerce | Graphiste | Agence de marketing | Consultant en marketing | Agence de relations publiques | Service d'hébergement de site Web | Service de marketing Internet,4.9,41,https://www.google.com/maps/search/?api=1&query=Agence%20Tiz&query_place_id=ChIJyTepXw64lkcRs5uPTFBM02c,Jef Marnette,Dirigeant d'entreprise,https://fr.linkedin.com/in/ACwAAA92lnsB1GTFkRYu1iRdDgezjOTVqUGDGhQ
Be BOLD,Héliocentre; 104 Rue de Hochfelden; 67200 Strasbourg; France,+33 3 67 10 39 50,https://www.be-bold.fr/,,Concepteur de sites Web | Service de marketing Internet,5,14,https://www.google.com/maps/search/?api=1&query=Be%20BOLD&query_place_id=ChIJuygGlte3lkcRxpQssJX2Q4E,Alexandre Gireau,Fondateur (BOLD),https://fr.linkedin.com/in/alexandregireau
Agence WordPress Strasbourg - Wordesign,42 Rue Baldner; 67100 Strasbourg; France,,,,Concepteur de sites Web | Service de marketing Internet,5,1,https://www.google.com/maps/search/?api=1&query=Agence%20WordPress%20Strasbourg%20-%20Wordesign&query_place_id=ChIJQ1bkB3rJlkcRcKKKFh3QJ5Q,,,
Webalia,37 Rue du Fossé des Treize; 67000 Strasbourg; France,+33 6 71 53 32 93,https://webalia.fr/,,Concepteur de sites Web | Agence de publicité | Service de marketing Internet | Agence de marketing | Consultant en marketing | Service de télémarketing,5,35,https://www.google.com/maps/search/?api=1&query=Webalia&query_place_id=ChIJQ1Dx97_IlkcRN9YyKatyB0I,Sakhavat Seyidmammadov,Gérant,https://fr.linkedin.com/in/sakhavat-seyidmammadov
Agence web Qwenty,4 Quai Koch; 67000 Strasbourg; France,+33 7 49 55 53 01,https://qwenty.fr/,,Concepteur de sites Web,4.8,45,https://www.google.com/maps/search/?api=1&query=Agence%20web%20Qwenty&query_place_id=ChIJ3aM1nhnJlkcRcQEp8bMXyws,,,
19Media - Agence Wordpress Strasbourg - Création de site internet - Référencement,81 Rue du Rhin Napoléon; 67100 Strasbourg; France,+33 6 79 95 91 92,https://www.19media.fr/,,Concepteur de sites Web | Service de montage vidéo | Agence de marketing,5,10,https://www.google.com/maps/search/?api=1&query=19Media%20-%20Agence%20Wordpress%20Strasbourg%20-%20Cr%C3%A9ation%20de%20site%20internet%20-%20R%C3%A9f%C3%A9rencement&query_place_id=ChIJXSRukiTJlkcRsNJ2lVR0VPs,,,
Agence WEBAST,5 Quai Saint-Jean; 67000 Strasbourg; France,,https://www.agence-webast.fr/?utm_source=Google&utm_medium=Organic&utm_campaign=GMB,,Concepteur de sites Web | Service de marketing Internet | Agence de marketing | Consultant en marketing,5,20,https://www.google.com/maps/search/?api=1&query=Agence%20WEBAST&query_place_id=ChIJ5cvKUz_nlkcRIecQLgAD4jA,Gaël Lucas,Directeur associé,https://fr.linkedin.com/in/gaellucas
Agence Wordpress Strasbourg - Hexapress,24 Rue Spielmann; 67000 Strasbourg; France,,https://agence-web-armor.fr/classement/agence-wordpress-strasbourg/,,Concepteur de sites Web | Agence e-commerce | Service d'e-commerce | Agence de marketing | Service d'hébergement de site Web,,,https://www.google.com/maps/search/?api=1&query=Agence%20Wordpress%20Strasbourg%20-%20Hexapress&query_place_id=ChIJP0mVlR_JlkcRUqkqKnm6IIw,,,
WebCodeur - Agence création de sites & Publicité,1 Pl. de l'Homme de Fer; 67000 Strasbourg; France,+33 3 67 10 40 88,https://webcodeur.fr/,,Concepteur de sites Web | Agence de publicité,5,91,https://www.google.com/maps/search/?api=1&query=WebCodeur%20-%20Agence%20cr%C3%A9ation%20de%20sites%20%26%20Publicit%C3%A9&query_place_id=ChIJY_-UlDG2lkcRIlIzpfuUztM,,,
Agence SEO Strasbourg,Pl. de l'Homme de Fer; 67000 Strasbourg; France,+33 3 67 72 99 83,https://www.agence-seo-strasbourg.net/,,Service de marketing Internet,5,22,https://www.google.com/maps/search/?api=1&query=Agence%20SEO%20Strasbourg&query_place_id=ChIJ93vTYaLJlkcRIz2jzK3y6_4,,,
Hémisphère Web,4 Quai Kellermann; 67000 Strasbourg; France,+33 6 28 30 44 22,https://www.hemisphereweb.com/?utm_source=google&utm_medium=seo&utm_campaign=google_my_business,,Service de marketing Internet,5,20,https://www.google.com/maps/search/?api=1&query=H%C3%A9misph%C3%A8re%20Web&query_place_id=ChIJWRdbCCpQkUcRp80rz-ipmHE,,,
Agence Idealice à Strasbourg : Agence de communication stratégique,LE HIGHTECH; 3 Rue Charles Péguy; 67200 Strasbourg; France,+33 3 88 30 17 41,https://www.idealice.fr/,,Agence de publicité | Service de marketing Internet | Agence de marketing | Centre de formation | Concepteur de sites Web,5,18,https://www.google.com/maps/search/?api=1&query=Agence%20Idealice%20%C3%A0%20Strasbourg%20%3A%20Agence%20de%20communication%20strat%C3%A9gique&query_place_id=ChIJx7P1Oki6lkcRFGw4Yhyt9tE,,,
Jeremy Billey - Freelance WordPress à Strasbourg,22 Rue des Roses; 67100 Strasbourg; France,+33 7 44 43 41 43,https://www.jeremybilley.fr/,,Concepteur de sites Web | Agence de branding | Agence e-commerce | Agence artistique,5,9,https://www.google.com/maps/search/?api=1&query=Jeremy%20Billey%20-%20Freelance%20WordPress%20%C3%A0%20Strasbourg&query_place_id=ChIJBbU9U6LJlkcRspEiBYusp4w,Jeremy Billey,Freelance WordPress,https://fr.linkedin.com/in/jeremybilley
Hopla.design - Création de site internet,6 Rue des Dentelles; 67000 Strasbourg; France,+33 7 56 83 36 91,https://hopla.design/,,Concepteur de sites Web,4.8,10,https://www.google.com/maps/search/?api=1&query=Hopla.design%20-%20Cr%C3%A9ation%20de%20site%20internet&query_place_id=ChIJzRSrG1LJlkcRQLMs1vjyL-k,,,
Stratflow • Agence SEO à l'ADN entrepreneurial,22 Rue Lauth; 67000 Strasbourg; France,+33 6 48 83 84 30,https://www.seostrasbourg.com/,,Service de marketing Internet,5,22,https://www.google.com/maps/search/?api=1&query=Stratflow%20%E2%80%A2%20Agence%20SEO%20%C3%A0%20l'ADN%20entrepreneurial&query_place_id=ChIJm_JXjIHJlkcR21b41f5IAjk,Olivier CLUR,Fondateur & Consultant SEO,https://fr.linkedin.com/in/ACwAABOiT3oBWNtgK8m433A0nvExx9UCEj2muUs
La couleur du Zèbre - Agence Digitale,3 Pass. de la Cathédrale; 67000 Strasbourg; France,+33 3 69 96 41 69,https://www.lacouleurduzebre.com/,,Concepteur de sites Web | Agence e-commerce | Graphiste | Consultant en marketing | Service d'hébergement de site Web,5,9,https://www.google.com/maps/search/?api=1&query=La%20couleur%20du%20Z%C3%A8bre%20-%20Agence%20Digitale&query_place_id=ChIJf8KIzVTIlkcR7AABiWrMNkU,,,
Carlidev - Agence Web écoresponsable,33 Bd de Lyon CD2A; 67000 Strasbourg; France,,https://www.carlidev.fr/,,Concepteur de sites Web,5,6,https://www.google.com/maps/search/?api=1&query=Carlidev%20-%20Agence%20Web%20%C3%A9coresponsable&query_place_id=ChIJBzYOoulWa6sRKueaXbeYNrQ,,,
Atadisp - Agence digitale,13 Rue Jacques Peirotes; 67000 Strasbourg; France,+33 7 56 88 21 07,https://www.atadisp.com/,,Concepteur de sites Web,4,4,https://www.google.com/maps/search/?api=1&query=Atadisp%20-%20Agence%20digitale&query_place_id=ChIJrbGlp47JlkcRO1xMV-fCzZw,Quentin Haensler,Expert WordPress,https://fr.linkedin.com/in/qhaensler
Webmarketing360 - Agence Web Strasbourg,24 Rue du Bataillon de Marche 24; 67200 Strasbourg; France,+49 7851 9562768,https://www.webmarketing360.fr/,,Concepteur de sites Web,5,1,https://www.google.com/maps/search/?api=1&query=Webmarketing360%20-%20Agence%20Web%20Strasbourg&query_place_id=ChIJz2Y8mJnJlkcROGHxvCauw10,,,
Weblance,12 Rue des Écrivains; 67000 Strasbourg; France,+33 6 43 47 37 14,https://weblance.fr/,,Concepteur de sites Web,5,12,https://www.google.com/maps/search/?api=1&query=Weblance&query_place_id=ChIJ0ediDp3JlkcRWJphGBkJbDE,Thibault Pailloux,Directeur artistique & Développeur web,https://fr.linkedin.com/in/thibaultpailloux
Trois Sept et Art,17 Rue de Fegersheim; 67100 Strasbourg; France,,https://troisseptetart.wordpress.com/,,Association culturelle,,,https://www.google.com/maps/search/?api=1&query=Trois%20Sept%20et%20Art&query_place_id=ChIJE_Nzc7bJlkcRJ9Xsyimxfww,,,
SEO Strasbourg Pro,16 Rue Boussingault; 67000 Strasbourg; France,+33 7 66 61 59 54,http://seo-strasbourg-pro.eu/,,Service de marketing Internet | Traducteur | Concepteur de sites Web,5,3,https://www.google.com/maps/search/?api=1&query=SEO%20Strasbourg%20Pro&query_place_id=ChIJMfzB_X-JDy0ReEBDATGnC-k,,,
Adipso,3 Rue de la Division Leclerc; 67000 Strasbourg; France,+33 3 88 67 14 64,https://www.adipso.com/,,Concepteur de sites Web | Agence de publicité | Service de marketing Internet,4.8,9,https://www.google.com/maps/search/?api=1&query=Adipso&query_place_id=ChIJLYNqeAC3lkcRGqLly8912WY,Mikael BUCH,Dirigeant,https://fr.linkedin.com/in/buchmikael
Alsacréations,10 Pl. du Temple Neuf; 67000 Strasbourg; France,+33 9 54 96 50 50,https://www.alsacreations.fr/,,Concepteur de sites Web | Graphiste | Centre de formation,5,8,https://www.google.com/maps/search/?api=1&query=Alsacr%C3%A9ations&query_place_id=ChIJIR8DVlPIlkcRXIdzcY3OONg,Raphaël Goetter,Fondateur Alsacréations,https://fr.linkedin.com/in/raphaelgoetter
Hostay,4 Quai Koch; 67000 Strasbourg; France,+33 7 49 55 53 01,https://hostay.fr/,,Service d'hébergement de site Web,4.9,20,https://www.google.com/maps/search/?api=1&query=Hostay&query_place_id=ChIJ0yyvxj_JlkcRdsd4ffvtKFY,,,
Jérôme Dicharry - Développeur web freelance,12 Rue du Maréchal-Joffre; 67000 Strasbourg; France,+33 6 86 41 10 11,https://developpeur-web-strasbourg.fr/,,Concepteur de sites Web | Ingénieur,5,3,https://www.google.com/maps/search/?api=1&query=J%C3%A9r%C3%B4me%20Dicharry%20-%20D%C3%A9veloppeur%20web%20freelance&query_place_id=ChIJFbhHcc3JlkcRDkS7Jx2AV1c,,,
LUENCE - GROUPE CYA,9 Rue Paul-Éluard; 67200 Strasbourg; France,+33 3 88 99 02 50,http://www.luence.fr/,,Concepteur de sites Web | Service de développement commercial | Service d'hébergement de site Web,4.1,13,https://www.google.com/maps/search/?api=1&query=LUENCE%20-%20GROUPE%20CYA&query_place_id=ChIJMzQZW9DHlkcR98_29nsVMEA,,,
Création Site Internet WordPress Éco-Responsable I Stéphanie Arlt,,+33 6 36 38 30 45,https://stephaniearlt.fr/,,Concepteur de sites Web | Service establishment,,,https://www.google.com/maps/search/?api=1&query=Cr%C3%A9ation%20Site%20Internet%20WordPress%20%C3%89co-Responsable%20I%20St%C3%A9phanie%20Arlt&query_place_id=ChIJLWhoO1tOiYARdykMpVzi0zg,,,
WPFORMA - Formation création site internet sous WordPress,21 Rue de Cherbourg; 67100 Strasbourg; France,+33 6 23 62 73 77,https://wpforma.fr/,,Centre de formation | Centre de formation continue,5,29,https://www.google.com/maps/search/?api=1&query=WPFORMA%20-%20Formation%20cr%C3%A9ation%20site%20internet%20sous%20WordPress&query_place_id=ChIJxYwmTY4w6k0RbZp4awid8y0,,,
WOOZUP - Agence de Conseil en Communication à Strasbourg,2 Rue des Hallebardes; 67000 Strasbourg; France,+33 3 67 10 00 12,https://www.woozup.com/?utm_source=google&utm_medium=organic&utm_campaign=gbp_woozup_strasbourg&utm_content=lien_principal,,Concepteur de sites Web | Agence événementielle | Agence de marketing | Service d'organisation d'événements professionnels | Service d'hébergement de site Web | Service de marketing Internet,4.8,17,https://www.google.com/maps/search/?api=1&query=WOOZUP%20-%20Agence%20de%20Conseil%20en%20Communication%20%C3%A0%20Strasbourg&query_place_id=ChIJl5T-lNm3lkcR9ZrIg-H7OLo,,,