Requêtes les plus fréquentes,Clics,Impressions,CTR,Position,Volume de recherche
5euros,23,6183,0.37%,6.89,2400
flyingpress,15,1089,1.38%,7.72,590
mailerpress,14,597,2.35%,5.56,90
suretriggers,14,247,5.67%,36.59,40
tastewp,7,3761,0.19%,6.11,110
5euros com,7,3594,0.19%,6.92,6600
chatseo,7,1370,0.51%,10.48,590
suremembers,7,658,1.06%,8.63,210
5euros.com avis,7,354,1.98%,4.13,320
wp rocket vs flying press,7,98,7.14%,5.5,10
zipwp,6,5233,0.11%,5.89,0
taste wp,6,1482,0.4%,4.88,30
5 euro.com,6,1129,0.53%,7.42,390
flyingpress vs wp rocket,6,276,2.17%,13.47,260
frank houbre,6,221,2.71%,8.09,50
5 euros,5,4926,0.1%,8.57,4400
5euros.com site,5,490,1.02%,7.5,320
pierre eliott lallemant,5,44,11.36%,4.3,30
wpboutik,5,14,35.71%,3.86,0
5euros.com,4,1875,0.21%,8.31,6600
5 euros.com,4,1658,0.24%,8.09,390
latepoint,4,1507,0.27%,16.05,210
5euro.com,4,421,0.95%,8.12,390
skeall,4,62,6.45%,12.05,140
o2switch,3,2020,0.15%,10.13,33100
zip wp,3,1113,0.27%,5.68,0
clickwhale,3,723,0.41%,11.55,0
kadence,3,626,0.48%,10.45,720
5euro.com site,3,552,0.54%,7.52,110
chatseo avis,3,398,0.75%,20.17,0
fluent support,3,304,0.99%,6.48,0
5€.com,3,260,1.15%,6.06,0
kadence wordpress,3,244,1.23%,9.13,110
copilhost,3,171,1.75%,14.49,0
tutor lms wordpress,3,81,3.7%,8.79,20
canva wordpress,3,79,3.8%,9.85,170
flying press vs wp rocket,3,59,5.08%,4.27,10
zipwp erfahrungen,3,17,17.65%,5.06,0
thot seo,2,1364,0.15%,8.1,1300
local by flywheel,2,516,0.39%,9.49,390
metricool gratuit,2,448,0.45%,8.76,390
fluent crm,2,401,0.5%,9.34,390
befreelancr,2,360,0.56%,9.24,480
zipwp avis,2,355,0.56%,10.36,0
localwp vs xampp,2,349,0.57%,5.46,10
wp rocket vs flyingpress,2,251,0.8%,8.18,140
academy lms,2,243,0.82%,17.09,30
5 euro .com,2,217,0.92%,8.17,0
presto player,2,188,1.06%,6.37,0
pulse browser avis,2,185,1.08%,10.15,0
localwp,2,181,1.1%,9.78,1600
5euros com français,2,134,1.49%,6.32,0
fluent smtp,2,96,2.08%,17.57,40
amelia booking plugin,2,84,2.38%,17.11,10
5 euros.com inscription,2,65,3.08%,6.83,0
5euros com avis,2,62,3.23%,4.5,320
5€.com avis,2,61,3.28%,3.85,0
zip wp wordpress,2,54,3.7%,4.93,0
divi bodycommerce,2,49,4.08%,6.2,10
flyingpress plugin,2,47,4.26%,10.94,10
surecart wordpress,2,42,4.76%,6.9,10
suremembers plugin,2,40,5%,7.78,10
flyingpress vs wprocket,2,22,9.09%,16.64,0
thruuu review,2,9,22.22%,6.33,0
is pretty links free,2,3,66.67%,1,0
learndash,1,1541,0.06%,34.62,590
thruuu,1,1352,0.07%,8.12,320
buddyboss,1,1161,0.09%,8.75,480
divi pixel,1,936,0.11%,6.01,480
tutor lms,1,843,0.12%,13.13,720
amelia wp,1,814,0.12%,9.29,140
link whisper wordpress plugin,1,738,0.14%,8.87,10
fluentcrm,1,640,0.16%,8.54,390
amelia booking,1,616,0.16%,12.08,320
skoatch,1,492,0.2%,6.54,390
cinq euros,1,474,0.21%,5.97,320
academy wordpress,1,430,0.23%,4.24,0
kadence wp,1,427,0.23%,8.07,0
pageradar,1,398,0.25%,4.45,0
chat seo,1,382,0.26%,6.85,0
fluentsmtp,1,372,0.27%,9.64,0
avis linksgarden,1,359,0.28%,17.3,0
metricool reviews,1,323,0.31%,12.61,0
fluentcart,1,316,0.32%,10.18,0
fluentbooking,1,315,0.32%,5.56,0
thruuu website text extractor,1,313,0.32%,6.45,0
tutor lms review,1,268,0.37%,11.97,10
5euros com site,1,262,0.38%,8.27,0
linksclub,1,240,0.42%,5.58,260
instawp,1,230,0.43%,12.52,320
5 euros com,1,216,0.46%,9.91,390
5euros com inscription,1,200,0.5%,8.16,0
link whisper premium wordpress plugin,1,174,0.57%,6.44,10
5 euros . com,1,164,0.61%,7.93,0
tutorlms,1,163,0.61%,12.28,720
divi machine,1,162,0.62%,4.93,170
elementskit,1,157,0.64%,8.82,320
bit flows,1,153,0.65%,9.75,0
cinq euros.com,1,151,0.66%,7.13,50
cinq euro.com,1,150,0.67%,7.14,0
tastwp,1,146,0.68%,5.51,0
armember,1,119,0.84%,11.06,30
copilhost avis,1,114,0.88%,8.82,0
fluentboards,1,106,0.94%,9.13,0
5euro com,1,104,0.96%,8.01,0
wordpress datenbank bereinigen,1,104,0.96%,18.84,0
latepoint plugin,1,100,1%,9.48,10
playground wordpress,1,97,1.03%,7.34,40
instawp alternative,1,95,1.05%,4.66,10
tutor lms reviews,1,91,1.1%,16.32,10
link whisper wordpress,1,89,1.12%,8.52,10
zipwp wordpress,1,88,1.14%,4.58,0
cinq euro,1,88,1.14%,6.97,0
microthemer,1,88,1.14%,8.68,110
5euros .com,1,85,1.18%,7.92,0
fluent cart,1,85,1.18%,10.21,0
zipwp vs instawp,1,84,1.19%,2.74,0
schoolswp.com,1,77,1.3%,1,0
wp zip,1,77,1.3%,6.84,170
5 euros.com avis,1,75,1.33%,4.05,0
fluentcommunity avis,1,73,1.37%,9.7,0
restrict content pro,1,67,1.49%,9.01,70
pierre-eliott lallemant,1,63,1.59%,5.41,0
5 € com,1,63,1.59%,7.4,0
wplingua,1,59,1.69%,7.46,40
barn2,1,56,1.79%,5.36,20
site 5 euros,1,54,1.85%,10.81,0
amelia réservation,1,48,2.08%,9.92,140
droip,1,44,2.27%,15.18,40500
wordpress 6.9 default theme,1,40,2.5%,5.85,0
amelia wordpress français,1,39,2.56%,7.87,10
seo pulse,1,39,2.56%,8.44,0
wp rocket test,1,38,2.63%,79.24,10
5euros. com,1,37,2.7%,6.95,0
5 euros microservice,1,35,2.86%,14.94,170
crocoblock lifetime deal,1,35,2.86%,15.46,10
theme kadence,1,32,3.12%,9.03,40
prix metricool,1,29,3.45%,7.97,0
wishlist member wordpress,1,26,3.85%,30.96,10
fluentcrm coupon,1,24,4.17%,9.75,0
wordpress canva,1,23,4.35%,5.04,140
thot-seo,1,17,5.88%,3.71,0
zip ia,1,17,5.88%,5.24,0
5 € dotcom,1,16,6.25%,6.5,0
fluentbooking wordpress,1,16,6.25%,6.5,0
frank houbre avis,1,11,9.09%,2.91,10
logiciel local,1,11,9.09%,16.45,20
metricool app,1,10,10%,3.3,10
zipwp wordpress plugin,1,9,11.11%,6,0
suretrigger,1,8,12.5%,16.38,10
mailerpress pro,1,7,14.29%,4.43,0
droip wordpress review,1,7,14.29%,6.43,0
woocommerce alternative,1,7,14.29%,7.29,10
sure triggers,1,6,16.67%,7.83,10
avis flyingpress,1,6,16.67%,32,0
flyingpress free version,1,5,20%,7.8,0
ia zip,1,4,25%,6.75,0
suretriggers wordpress plugin,1,4,25%,11.5,0
suretriggers plugin,1,4,25%,18.5,0
metricool pricing euro,1,3,33.33%,4,0
wordpress kadence blocks,1,3,33.33%,8.67,10
comparateur de serp,1,2,50%,3,0
buddyboss vs buddypress,1,2,50%,5.5,10
wp ninja tables,1,2,50%,6.5,140
fluent form woocommerce,1,2,50%,7,10
surecart vs fluentcart,1,2,50%,19,0
continue,1,1,100%,6,0
skoatch avis,1,1,100%,9,0
linksgarden,0,2480,0%,12.66,0
metricool pricing 2026,0,2317,0%,8.21,0
maintenance wordpress,0,1797,0%,82.36,0
linkuma backlinks pas chers,0,1764,0%,8.01,0
linkuma backlinks pas cher,0,1682,0%,7.82,0
linkuma adresse,0,1547,0%,7.55,0
wp umbrella,0,1486,0%,7.72,0
solid affiliate woocommerce plugin setup guide,0,1270,0%,12.67,0
local wp,0,1230,0%,9.1,0
backlinks pas chers linkuma,0,1190,0%,7.46,0
seokey,0,1136,0%,20.62,590
linkwhisper,0,1108,0%,21.35,0
surecart,0,1054,0%,11.9,0
metricool pricing plans 2026,0,1034,0%,8.8,0
outil seo all-in-one,0,939,0%,28.45,0
crocoblock,0,914,0%,13.38,0
serp insight,0,901,0%,1,0
slug seo wordpress,0,888,0%,42.46,10
metricool,0,851,0%,6.18,18100
seo wordpress,0,841,0%,69.61,720
avis chatseo,0,815,0%,13.96,0
buy backlinks with linkuma,0,784,0%,10.45,0
linkuma,0,701,0%,28.57,3600
bewertung von linkuma,0,695,0%,4.11,0
référencement wordpress,0,684,0%,74.47,480
outil seo tout-en-un,0,673,0%,41.8,40
amelia wordpress booking plugin pricing,0,632,0%,7.8,0
link whisper,0,620,0%,12.03,590
avis linksclub,0,617,0%,40.69,0
metricool starter plan price,0,601,0%,6.95,0
thotseo,0,599,0%,17.44,0
amelia plugin,0,581,0%,15.45,170
netlinking platform,0,546,0%,26.1,0
metricool pricing 2024,0,543,0%,3.04,0
seo key,0,540,0%,21.03,0
solid affiliate plugin setup guide woocommerce affiliate marketing,0,525,0%,11.3,0
metricool review,0,517,0%,10.57,10
avis crm clientpulse pro 2024,0,510,0%,5.73,0
metricool free plan,0,503,0%,3.86,10
wordpress translation plugins,0,495,0%,63.23,110
wp amelia,0,464,0%,9.93,90
sureforms,0,462,0%,7.36,70
tastewp.com,0,454,0%,5.82,10
metricool pricing 2025,0,452,0%,3.41,0
maintenance site wordpress,0,439,0%,87.95,590
o2switch hosting price,0,435,0%,1.71,0
wordpress academy,0,431,0%,10.7,10
ameliawp,0,420,0%,5.65,140
seo optimisation wordpress,0,419,0%,50.91,0
5 euros .com,0,409,0%,7.99,0
wordpress seo,0,404,0%,57.72,0
o2switch pricing,0,401,0%,5.36,0
wishlist member,0,395,0%,20.09,390
metricool pricing plans 2024,0,384,0%,3.53,0
plugin traduction wordpress,0,383,0%,30.81,0
solid affiliate,0,382,0%,10.66,10
ai internal link recommendation plugin wordpress seo,0,382,0%,24.82,0
learndash review,0,376,0%,52.93,10
avis skoatch,0,374,0%,7.09,0
wordpress multisite,0,372,0%,71.49,320
metricool free plan features 2026,0,369,0%,5.16,0
wp taste,0,355,0%,5.71,0
5€,0,353,0%,8.85,0
wordpress e-learning,0,353,0%,54.84,0
perfmatters,0,345,0%,8,170
tastewp website,0,344,0%,6.28,0
amelia wordpress,0,341,0%,12.62,0
maintenance de site wordpress,0,341,0%,78.07,0
fluent forms,0,336,0%,12.69,390
metricool free plan details,0,334,0%,5.61,0
slug wordpress,0,330,0%,20.84,110
maintenance site internet wordpress,0,328,0%,78.33,0
metricool free plan limits 2026,0,323,0%,6.33,0
presto player review,0,319,0%,44.29,0
wordpress playground,0,317,0%,8.94,0
o2switch data center location,0,316,0%,8.89,0
review linkuma,0,316,0%,10.61,0
maintenance préventive wordpress,0,306,0%,80.61,0
kihl michaël,0,296,0%,5.12,0
solid affiliate plugin setup guide woocommerce,0,293,0%,13.46,0
avis linkuma,0,291,0%,46.04,0
wpumbrella,0,280,0%,7.47,0
traduction wordpress,0,277,0%,61.74,0
all in one seo,0,276,0%,27.16,0
avis link finder,0,275,0%,22.35,0
linkuma review,0,274,0%,29.5,0
online lernplattform wordpress,0,272,0%,62.82,0
metricool capterra rating,0,271,0%,5.16,0
wordpress lernplattform,0,268,0%,35.46,0
développement wordpress sur mesure,0,267,0%,42.19,0
création site wordpress sur mesure,0,266,0%,43.83,0
slug seo,0,265,0%,31.86,110
traducteur wordpress,0,262,0%,60.76,260
wordpress e-learning plattform,0,261,0%,24.85,0
launchflows vs cartflows,0,260,0%,2.13,140
cartflows,0,253,0%,7.77,210
o2switch avis,0,253,0%,37.32,590
wordpress referencement,0,251,0%,76.94,880
e-learning plattform wordpress,0,248,0%,39.77,0
tunnel de vente wordpress,0,247,0%,22.79,170
thème divi,0,247,0%,70.94,50
amelia vs bookly,0,246,0%,39.9,140
budy boss dienstleister,0,243,0%,10.93,0
e learning plattform wordpress,0,241,0%,42.29,0
lernplattform wordpress,0,240,0%,31.63,0
ottokit,0,238,0%,8.59,0
kadencewp,0,237,0%,9.97,0
nettoyer base de données wordpress,0,232,0%,22.67,0
wp social ninja,0,231,0%,11.23,0
wordpress sur mesure,0,229,0%,45.14,0
wordpress lernen portal,0,228,0%,31.61,0
metricool free plan features,0,225,0%,3.58,0
wp social ninja review,0,221,0%,9.05,0
seo wordpress sans plugin,0,221,0%,60.35,0
linkuma tarif,0,218,0%,30.35,0
kadence theme wordpress,0,216,0%,7.51,70
5 euro,0,216,0%,19.51,0
seo michael pulse,0,215,0%,12.08,0
linkuma avis,0,214,0%,28.61,1600
is metricool free,0,211,0%,7.52,10
wordpress projektmanagement,0,211,0%,10.1,0
créer un site sur mesure wordpress,0,211,0%,39.68,0
divi,0,211,0%,50.18,0
sistemeio,0,209,0%,4.53,0
o2switch hosting price 2024,0,207,0%,6.11,0
extension traduction wordpress,0,206,0%,48.05,0
avis linkfinder,0,204,0%,37.4,0
5 €,0,203,0%,8.33,0
formation wordpress e learning,0,203,0%,37.78,0
sureforms wordpress plugin,0,202,0%,6.45,0
metricool polish language support,0,199,0%,9.42,0
buddyboss dienstleister,0,199,0%,17.43,0
plugins traduction,0,199,0%,27.46,0
création de sites wordpress sur mesure,0,199,0%,44.83,0
5euro,0,197,0%,10.49,0
links garden,0,193,0%,4.91,0
metricool free plan 2026,0,193,0%,6.36,0
o2switch price,0,192,0%,2.74,0
meilleur plugin traduction wordpress,0,190,0%,33.59,20
metricool pricing,0,189,0%,14.68,40
aawp,0,188,0%,13.9,0
systeme.io pricing 2026,0,187,0%,8.14,0
5euros.com inscription,0,187,0%,8.35,0
wer erstellt websites mit jetengine und crocoblock?,0,185,0%,7.17,0
solid affiliate woocommerce plugin setup guide step by step,0,185,0%,23.19,0
localwp review,0,184,0%,7.11,10
latepoint wordpress,0,184,0%,7.72,30
plugin wordpress traduction,0,184,0%,39.6,0
o2switch data center location france,0,183,0%,4.01,0
wordpress traduire plugin,0,181,0%,49.25,0
o2switch data centers location,0,180,0%,6.08,0
social media management software metricool,0,178,0%,2.13,0
php mail() on o2switch shared hosting,0,177,0%,8.1,0
5euros.com freelance,0,177,0%,24.93,0
metricool pricing 2024 pln,0,176,0%,3.02,0
metricool free plan limits,0,176,0%,8.43,0
référencement site wordpress,0,175,0%,81.79,0
5euros com connexion,0,173,0%,8.5,0
amelia wordpress booking plugin apple calendar integration,0,173,0%,9.12,0
lms wordpress,0,172,0%,31.77,90
wp datenbank bereinigen,0,170,0%,15.24,0
launchflows review,0,169,0%,4.91,0
metricool free plan details 2026,0,169,0%,5.69,0
kadence theme,0,169,0%,9.75,140
linksgarden avis,0,167,0%,6.52,30
automatiser wordpress,0,166,0%,18.91,0
optimisation seo wordpress,0,166,0%,76.65,390
metricool pricing and features 2024,0,164,0%,5.44,0
latepoint alternatives,0,164,0%,34.06,0
outil seo serp,0,164,0%,43.99,0
metricool starter plan price 2026,0,163,0%,5.65,0
fluent booking,0,162,0%,7.62,0
link whisper internal linking plugin,0,162,0%,7.98,0
wordpress plugins,0,162,0%,73.68,0
elearning plattform wordpress,0,161,0%,32.89,0
espace membres wordpress,0,160,0%,23.76,50
packs netlinking français,0,160,0%,45.95,0
de canva a wordpress,0,159,0%,68.47,0
pourquoi avoir un multisite,0,158,0%,4.82,0
online buchungssystem wordpress,0,158,0%,29.42,0
does php mail() work on o2switch shared hosting,0,157,0%,4.5,0
wp local,0,157,0%,8.56,0
o2switch pricing 2024,0,156,0%,8.88,0
evidence wp,0,156,0%,31.54,0
netlinking-plattform,0,155,0%,14.01,0
wordpress traduction plugin,0,155,0%,49.3,0
wptaste,0,154,0%,5.88,0
buddyboss agentur,0,154,0%,19.47,0
amelia vs bookly vs booked,0,154,0%,33.29,0
metricool pricing pln 2024,0,153,0%,3.05,0
maintenance site web wordpress,0,151,0%,71.24,0
metricool tarifs,0,148,0%,8.2,0
wordpress beginner difficulty learning curve,0,147,0%,4.46,0
taste wp.com,0,147,0%,5.46,0
o2switch price 2024,0,147,0%,8.3,0
bit avis,0,147,0%,29.97,0
loutre du seo,0,146,0%,72.57,0
metricool pricing free plan 2026,0,145,0%,6.31,0
crocoblock review,0,145,0%,40.5,0
automatiser woocommerce,0,145,0%,49,0
guides wordpress,0,143,0%,18.8,0
latepoint overview,0,142,0%,9.25,0
link finder,0,142,0%,11.55,0
metricool rating capterra,0,141,0%,5.24,0
auto translate wordpress plugin,0,140,0%,55.71,0
5euro.com inscription,0,138,0%,4.7,0
affiliatepress,0,138,0%,12.62,0
learndash pricing 2025,0,137,0%,9.01,0
aioseo,0,136,0%,14.64,170
metricool pricing pln,0,135,0%,4.83,0
solid affiliate plugin,0,135,0%,7.65,0
blog clé en main,0,135,0%,16.47,0
learndash pricing,0,135,0%,39.13,10
closte flyingpress compatibility,0,134,0%,9.86,0
metricool free plan details 2024,0,133,0%,3.63,0
fluentcommunity,0,133,0%,6.39,0
metricool trustpilot rating,0,133,0%,6.94,0
o2switch smtp server,0,131,0%,5.73,0
systeme.io pricing and features 2026,0,131,0%,8.7,0
cloudflare apo vs wp rocket,0,131,0%,29.68,10
seo slug,0,131,0%,37.22,10
wpmissioncontrol,0,130,0%,3.61,0
amelia pricing,0,130,0%,8.59,10
wordpress multilingual plugins,0,130,0%,73.94,50
multi sites wordpress,0,129,0%,58.99,320
best wordpress plugin for internal linking,0,129,0%,79.03,0
o2switch price per month,0,128,0%,5.48,0
funnelkit,0,128,0%,10.19,140
avis thot seo,0,128,0%,10.41,0
elementor vs divi,0,128,0%,34.36,260
perfmatters review,0,125,0%,18.48,10
rapyd cloud discount code,0,124,0%,4.1,0
linkfinder,0,124,0%,12.14,880
espace membre wordpress,0,123,0%,24.52,50
amelia booking plugin pricing,0,122,0%,7.81,0
alidropship,0,122,0%,13.25,210
wordpress database maintenance,0,122,0%,81.48,0
5 euro . com,0,121,0%,8,0
metricool avis,0,121,0%,8.8,0
buddy boss experte,0,121,0%,18.31,0
o2switch server location,0,120,0%,1.78,0
5€.com site,0,120,0%,7.46,0
all in seo,0,120,0%,26.36,0
apprendre wordpress,0,120,0%,29.68,0
rank math,0,120,0%,31.43,0
rankmath seo,0,120,0%,31.62,0
plugin seo wordpress,0,120,0%,71.91,0
metricool pricing plans,0,118,0%,2.79,0
wordpress shopping cart plugin reviews,0,118,0%,76.3,0
5 euro com,0,117,0%,8.18,0
site affiliation clé en main,0,116,0%,10.75,0
o2switch data centers location france,0,115,0%,3.51,0
wordpress plugin,0,114,0%,71.29,0
seo wordpress google,0,114,0%,79.05,0
crm integration tools discount code,0,113,0%,4.44,0
nettoyage wordpress,0,113,0%,23.53,20
wordpress google seo,0,113,0%,80.36,0
link finder optimisation netlinking cout reduit,0,112,0%,1.36,0
wordpress child theme setup best practices 2026,0,112,0%,4.66,0
xampp vs localwp,0,111,0%,9.71,0
all in on seo,0,111,0%,40.7,0
local wordpress,0,110,0%,30.05,720
amelia wordpress plugin pricing,0,109,0%,8.27,0
création d'un site web avec wordpress pdf,0,109,0%,74.37,0
metricool pricing plans 2025,0,108,0%,4.08,0
fluentcart vs woocommerce,0,108,0%,5.69,0
metricool starter plan price 2024,0,107,0%,2.2,0
metricool pricing in pln 2024,0,107,0%,2.35,0
local flywheel,0,107,0%,10.6,70
zipwp alternative,0,107,0%,12.36,0
schedule google meet video meetings with amelia,0,107,0%,66.46,0
metricool free trial,0,106,0%,5.69,10
metricool pricing free plan,0,105,0%,7.04,0
buddy boss,0,105,0%,7.9,0
avis rocketlinks,0,105,0%,65.32,0
thruuu seo,0,104,0%,21.75,10
tutor lms pricing,0,103,0%,21.2,0
metricool pricing poland 2024,0,102,0%,2.26,0
5 euros. com,0,102,0%,8.53,0
seo all in one,0,102,0%,47.05,0
linkuma blog,0,102,0%,50.07,0
guide wordpress,0,102,0%,53.84,0
buddy boss agentur,0,101,0%,10,0
support wordpress plugin,0,101,0%,23.44,0
outils seo wordpress,0,101,0%,62.83,10
wp rocket erfahrungen,0,101,0%,78.78,0
metricool pricing history,0,100,0%,2.02,0
divipixel,0,100,0%,6.54,480
o2switch trustpilot rating,0,100,0%,6.55,0
launchflows,0,100,0%,8.89,10
securite maintenance wordpress,0,99,0%,52.27,0
nettoyage site wordpress,0,98,0%,57.46,0
clean wordpress database,0,97,0%,37.74,10
linkuma redacteur,0,97,0%,46.67,0
la plateforme 5,0,96,0%,5.09,0
wp rocket,0,96,0%,37.41,2900
traduction plugin wordpress,0,96,0%,44.67,30
wpmarmite.com,0,96,0%,53.78,0
meilleur plugin de traduction wordpress,0,95,0%,37.31,20
"""powered by wordpress + article directory plugin""",0,94,0%,1.9,0
solid affiliate woocommerce plugin setup guide affiliate program management,0,94,0%,9.98,0
suretriggers vs zapier,0,93,0%,3.59,0
crocoblock membership,0,93,0%,10.23,10
crocoblock lifetime,0,93,0%,14.41,10
wordpress translation plugin,0,93,0%,60.11,110
wordpress 6.9 features 2026,0,92,0%,5.54,0
wordpress kadence,0,92,0%,9.89,40
o2switch.net,0,92,0%,34.7,0
wordpress bereinigung,0,92,0%,38.01,0
metricool free plan 50 posts per month,0,91,0%,4.18,0
suremembers membership plugin wordpress,0,91,0%,6.27,0
elementskit lite,0,91,0%,8.4,30
zip.wp,0,90,0%,5.7,0
metricool free plan limitations,0,90,0%,6.78,0
divi theme wp,0,90,0%,16.54,480
wordpress maintenance,0,90,0%,65.41,1300
5euro .com,0,89,0%,8.02,0
best translation plugin,0,89,0%,56.11,0
divi wordpress woocommerce,0,89,0%,61.53,0
suremembers wordpress membership plugin,0,88,0%,6.49,0
sureform,0,88,0%,15.53,70
crocoblock discount,0,88,0%,42.34,10
amelia vs acuity scheduling,0,88,0%,75.47,0
metricool pricing 2024 poland,0,87,0%,2.21,0
sureforms wordpress,0,87,0%,7.09,0
fluentcrm est il le meilleur crm wordpress,0,87,0%,10.87,0
linkuma rédacteur,0,87,0%,13.25,0
theme wordpress divi,0,87,0%,79.25,0
5 euros.com freelance,0,86,0%,8.69,0
divi builder prix,0,86,0%,22.93,0
wordpress slugify,0,86,0%,37.72,0
metricool.com reputation,0,85,0%,4.21,0
droip wordpress,0,85,0%,9.33,0
referencement wordpress,0,85,0%,73.82,480
o2switch hosting france,0,84,0%,2.68,0
zipwp revolutionize wordpress site creation ai,0,84,0%,11.14,0
wp seo ninja review,0,83,0%,5.52,0
wp-umbrella,0,83,0%,7.2,0
plugin wordpress divi,0,83,0%,56.7,170
mise à jour wordpress,0,83,0%,71.45,20
o2switch litespeed,0,82,0%,5.29,0
metricool features pricing 2026,0,82,0%,6.82,0
theme divi wp,0,82,0%,27.34,480
gutenberg wordpress,0,82,0%,29.28,590
divi toolbox ce quil faut savoir sur ce plug in wordpress,0,81,0%,6.33,0
taste.wp,0,81,0%,6.8,0
zipwp revolution creation site wordpress ia,0,81,0%,10.42,0
suremembers plugin adhesion wordpress,0,81,0%,14.07,0
seo wp,0,81,0%,50.33,10
multisite wordpress,0,81,0%,71.57,320
metricool features and pricing 2024,0,80,0%,4.39,0
evidencewp,0,80,0%,5.83,0
metricool pricing plan 2026,0,80,0%,9.51,0
fluent form,0,80,0%,15.12,390
amelia vs latepoint,0,80,0%,29.35,0
divi toolbox,0,79,0%,5.94,0
fluentbooking votre solution reservation wordpress,0,79,0%,7.04,0
amelia wordpress booking plugin price,0,79,0%,8.23,0
metricool pricing 2026 plans,0,79,0%,9.75,0
copilhost hebergement rapide securise pour wordpress,0,79,0%,10.71,0
wordpress lernen,0,79,0%,42.19,0
quest ce que le plugin divi bodycommerce,0,78,0%,6.88,0
funnelkit meilleur plugin pour creer tunnels vente,0,78,0%,10.78,0
google seo wordpress,0,78,0%,75.49,0
quest ce que wp social ninja,0,77,0%,5.68,0
tastewp avis,0,77,0%,6.6,0
befreelancr avis,0,77,0%,7.73,0
o2switch server location france,0,77,0%,9.06,0
surecart plugin,0,77,0%,9.21,0
alo seo,0,77,0%,48.6,10
learndash lms wordpress,0,77,0%,60.96,10
wordpress plugin übersetzen,0,77,0%,66.29,0
améliorer référencement google wordpress,0,77,0%,77.13,0
metricool pricing 2023,0,76,0%,2.43,0
on vous dit tout sur le plugin elementor,0,76,0%,3.2,0
suremembers vs restrict content pro,0,76,0%,3.26,0
solid affiliate top plugin affiliation wordpress,0,76,0%,3.34,0
fluentbooking your wordpress reservation solution,0,76,0%,5,0
o2switch control panel,0,76,0%,5.22,0
wishlist member tout savoir sur ce plugin wordpress,0,76,0%,5.84,0
learndash avis,0,76,0%,7.25,10
is fluentcrm the best wordpress crm,0,76,0%,7.34,0
plugin langue wordpress,0,76,0%,39.26,30
aio seo,0,76,0%,51.51,70
wp seo,0,76,0%,83.32,30
"""powered by wordpress using article directory plugin""",0,75,0%,3.4,0
local wp avis,0,75,0%,3.68,0
suremembers oder restrict content pro,0,75,0%,4.8,0
presentation du plugin cartflows,0,75,0%,6.09,0
link whisper wordpress internal linking plugin,0,75,0%,7.87,0
amelia booking plugin apple calendar integration,0,75,0%,8.03,0
wishlist members,0,75,0%,20.23,390
pulse loom ai avis,0,75,0%,24.23,0
suremembers.com,0,75,0%,63.65,0
o2switch hosting price france,0,74,0%,1.89,0
tout ce que vous devez savoir sur buddyboss,0,74,0%,3.05,0
cartflows vs launchflows,0,74,0%,5.04,0
o2switch vps,0,74,0%,5.23,0
wpboutik online shop wordpress,0,74,0%,7.45,0
metricool pricing and features 2026,0,74,0%,7.53,0
wordpress datenbank aufräumen,0,74,0%,22.92,0
plugin wordpress traduction automatique,0,74,0%,51.72,0
suremembers vs wishlist members,0,73,0%,1.71,0
le plug in alidropship en details,0,73,0%,2.38,0
qui est pierre eliott lallemant le createur de skeall,0,73,0%,2.4,0
zipwp alternative instawp,0,73,0%,2.51,0
metricool cena pln,0,73,0%,4.16,0
presto player meilleur lecteur video wordpress,0,73,0%,4.97,0
fluentboards avis,0,73,0%,5.21,0
missinglettr loutil qui travaille pour vous,0,73,0%,6.62,0
buddyboss review,0,73,0%,24.84,10
link click tracker free,0,73,0%,48.52,0
outil seo tout en un,0,73,0%,56.78,40
suremembers comparatif restrict content pro,0,72,0%,2.6,0
php mail() o2switch shared hosting,0,72,0%,3.99,0
fluent forms meilleur plugin formulaires wordpress,0,72,0%,4.46,0
tastewp wordpress,0,72,0%,5.4,0
plugin sureforms wordpress,0,72,0%,5.62,0
suremembers plugin beitritt wordpress,0,72,0%,6.11,0
instawp creer site wordpress,0,72,0%,6.12,0
wp marmite pay,0,72,0%,6.42,0
wp seo ninja reviews,0,72,0%,6.64,0
5€ .com,0,72,0%,7.15,0
5euros site,0,72,0%,8.01,0
avis copilhost,0,72,0%,10.24,0
avantages lms pour tuteurs,0,72,0%,46.79,0
plugin traduction automatique wordpress,0,72,0%,50.31,0
wordpress référencement google,0,72,0%,77.38,0
codeaprod le site pour avoir un blog daffiliation cle en main,0,71,0%,1.49,0
launchflows vs cartflow,0,71,0%,2.37,0
ist fluentcrm das beste wordpress crm,0,71,0%,3.11,0
zipwp wordpress seiten erstellung mit ki,0,71,0%,3.28,0
mon avis sur kadence wp,0,71,0%,4.41,0
wpmarmite pay wordpress,0,71,0%,4.61,0
copilhost schnelles sicheres hosting fur wordpress,0,71,0%,4.68,0
surecart le plugin qui concurrence woocommerce,0,71,0%,4.82,0
befreelancr la plateforme pour acheter et vendre des services en ligne,0,71,0%,5.31,0
taste wordpress,0,71,0%,8.07,0
metricool free trial duration,0,71,0%,9.04,0
solid affiliate review,0,71,0%,10.06,0
wordpress traduction automatique,0,71,0%,52.03,0
vitesse wordpress,0,71,0%,81.52,0
wp funnels est une alternative a clickfunnels,0,70,0%,1.01,0
tout ce que vous devez savoir sur launchflows,0,70,0%,1.44,0
entdecken fluentboards wordpress projektmanagement,0,70,0%,1.76,0
ce quil faut savoir sur la plateforme 5euros com,0,70,0%,1.93,0
avis microthemer editeur css wordpress,0,70,0%,2.29,0
un beau site wordpress avec canva,0,70,0%,2.53,0
zipwp versus instawp,0,70,0%,2.74,0
creer sa plateforme de formation en ligne avec tutor lms,0,70,0%,6.67,0
wpboutik online handel wordpress,0,70,0%,8.96,0
learndash for wordpress,0,70,0%,55.44,0
barn2 des plugins pour booster ses performances sur woocommerce,0,69,0%,1.04,0
ce que je pense de divi pixel,0,69,0%,1.23,0
clickwhale raccourcisseur liens traqueur clics wordpress,0,69,0%,1.26,0
suremembers vs wishlist member,0,69,0%,1.68,0
sureforms produktbewertung,0,69,0%,2.13,0
qui est frank houbre,0,69,0%,3.32,0
o2switch servers location,0,69,0%,3.51,0
groundhogg la marmotte qui va vous simplifier la vie,0,69,0%,3.59,0
divi machine le plugin divi quil vous faut,0,69,0%,3.62,0
zoom sur divi,0,69,0%,4.1,0
suretriggers automatisation integration wordpress,0,69,0%,4.58,0
o2switch cpanel,0,69,0%,5.64,0
wp rocket alternative,0,69,0%,6.09,10
thruuu seo analyse serp,0,69,0%,6.71,0
kadence blocks,0,69,0%,8.68,0
surecart vs woocommerce,0,69,0%,20.71,0
référencement google wordpress,0,69,0%,76.17,0
suremembers versus wishlist members,0,68,0%,1.69,0
clickwhale vs pretty links,0,68,0%,1.91,0
wp marmite pay wordpress,0,68,0%,3.19,0
metricool pricing plans details,0,68,0%,3.38,0
is metricool the best tool for managing all my social media in one place,0,68,0%,3.93,0
fluent support plugin customer service,0,68,0%,4.12,0
fluent support wordpress plugin support client,0,68,0%,4.53,0
aioseo le plugin all in one seo ultime pour wordpress,0,68,0%,5.96,0
flyingpress wordpress plugin,0,68,0%,6.93,0
thot site,0,68,0%,9.84,0
amelia plugin price,0,68,0%,10.37,0
metricool review 2025,0,68,0%,23.57,0
wordpress white label agentur,0,68,0%,54.35,0
learndash ervaringen,0,68,0%,71.6,0
maintenance technique wordpress,0,68,0%,74.84,0
perfmatters plugin wordpress pour ameliorer la vitesse de son site,0,67,0%,1.45,0
systeme de reservations et rendez vous avec amelia wp,0,67,0%,2.25,0
ninja tables avis decouvrez le meilleur plugin de tableau pour wordpress,0,67,0%,2.82,0
copilhost secure fast hosting for wordpress,0,67,0%,4.52,0
metricool starter price,0,67,0%,5.51,0
metricool pricing 2026 monthly,0,67,0%,5.52,0
review tutor lms,0,67,0%,7,0
traduire sans migraine avis,0,67,0%,7.34,0
franck houbre,0,67,0%,9.82,0
tout a 5 euros,0,67,0%,10.46,0
learndash wordpress,0,67,0%,21.88,0
wordpress database cleanup,0,67,0%,52.01,0
woofunnels autonami crm pour gagner plus de clients,0,66,0%,1.02,0
gagner de largent avec laffiliation sur votre site wordpress,0,66,0%,2.98,0
crocoblock le plugin wp boite a outils,0,66,0%,3.05,0
o2switch unlimited traffic disk,0,66,0%,3.88,0
fluent support plugin support client wordpress,0,66,0%,4.14,0
bertha ai le meilleur assistant decriture ia pour wordpress,0,66,0%,4.67,0
dropshipping shopify vs wordpress,0,66,0%,6.17,0
umbrella wp,0,66,0%,7.14,0
amelia wordpress booking plugin features,0,66,0%,7.95,0
zipwp generation time,0,66,0%,9.62,0
agence wordpress gutenberg,0,66,0%,36.52,0
délivrabilité mail wordpress,0,66,0%,66.86,0
fluentbooking ihre wordpress reservierungslosung,0,65,0%,1.83,0
o2switch unlimited traffic,0,65,0%,1.88,0
metricool advanced plan price,0,65,0%,2.91,0
o2switch support language,0,65,0%,5.48,0
fluentboards review,0,65,0%,7.54,0
fluent forms best wordpress forms plugin,0,65,0%,8.12,0
thot seo avis,0,65,0%,11.97,0
social ninja,0,65,0%,16.43,140
seo slugs,0,65,0%,60.51,10
6 facons de booster votre blog wordpress,0,64,0%,1.81,0
fluentbooking vs amelia booking pour wordpress quel plugin choisir,0,64,0%,3.89,0
metricool free tier,0,64,0%,5.38,0
5e com,0,64,0%,5.92,0
metricool pricing and supported platforms 2024,0,64,0%,6.28,0
armember vs memberpress,0,64,0%,10.75,0
tuto lms,0,64,0%,11.39,0
thot website,0,64,0%,12.98,0
tastewp meinung,0,64,0%,17.06,0
plugin maillage interne wordpress,0,64,0%,19.3,0
site sur-mesure wordpress,0,64,0%,53.02,0
artikel netlinking,0,64,0%,54.52,0
wordpress and divi,0,64,0%,78.3,0
fluent cart vs woocommerce,0,63,0%,3.78,0
amelia booking wordpress pricing,0,63,0%,6.17,0
fluent forms bestes wordpress forms plugin,0,63,0%,7.83,0
theme kadence wordpress,0,63,0%,9.52,0
amelia plugin wordpress,0,63,0%,10.78,30
thot extension,0,63,0%,15.41,0
plugin divi wordpress,0,63,0%,67.02,0
dns_probe_finished_nxdomain,0,62,0%,2.15,0
metricool pricing per month 2026,0,62,0%,8.94,0
amelia lite,0,62,0%,10.29,0
alidropship premium store review,0,62,0%,31.42,0
plugin divi,0,62,0%,69.98,320
référencement wordpress google,0,62,0%,85.95,0
pourquoi utiliser wordpress multisite,0,61,0%,8.93,0
plugin de traduction wordpress,0,61,0%,45.26,30
choisir un thème wordpress,0,61,0%,78.93,0
metricool pricing plans details 2024,0,60,0%,3.53,0
o2switch data centers france,0,60,0%,4.5,0
woofunnels funnel builder est il un bon choix,0,60,0%,5.6,0
metricool starter plan price euros,0,60,0%,9.38,0
plugin de traduction,0,60,0%,25.28,0
suremembers review,0,60,0%,27.98,10
pretty links alternative,0,60,0%,29.22,10
traduction site wordpress,0,60,0%,65.13,170
wordpress seo francais,0,60,0%,77.8,0
maintenance corrective wordpress,0,60,0%,83.83,10
o2switch hosting data center location,0,59,0%,1.03,0
amelia wordpress booking plugin pricing 2026,0,59,0%,2.88,0
metricool pricing in pln,0,59,0%,3.1,0
elementskit addons elementor,0,59,0%,6.75,0
o2switch datacenter location,0,59,0%,8.75,0
latepoint review,0,59,0%,34.29,0
learn dash,0,59,0%,37.24,590
seo free wordpress,0,59,0%,41.53,10
affiliatewp review,0,59,0%,56.95,10
wp theme divi,0,59,0%,69.98,480
what is an seo slug,0,59,0%,72.88,0
plugin wordpress,0,59,0%,78,0
metricool pricing and features 2025,0,58,0%,6.6,0
amelia booking wordpress plugin features,0,58,0%,7.98,0
thruuu serp analyzer,0,58,0%,16.52,0
divi wordpress,0,58,0%,43.88,0
klassische terminverwaltung vor und nachteile,0,58,0%,53.95,0
acf divi builder,0,58,0%,58.19,0
o2switch pricing and features,0,57,0%,1.89,0
taste wp website,0,57,0%,5.14,0
link whisper internal link suggestions wordpress plugin,0,57,0%,6.39,0
amelia wordpress booking plugin features pricing,0,57,0%,6.61,0
metricool prix,0,57,0%,8.68,0
tastewp review,0,57,0%,11.88,0
manychat,0,57,0%,33.74,0
rank math seo,0,57,0%,42.42,880
sécurite maintenance wordpress,0,57,0%,48.6,0
traduire plugin wordpress,0,57,0%,62.05,0
seo for wordpress,0,57,0%,66.07,720
wordpress language translation,0,57,0%,72.67,10
getgenie ai wordpress seo contenu,0,56,0%,2.02,0
aawp le meilleur plugin pour des sites de niche wordpress,0,56,0%,4.41,0
fluentsupport,0,56,0%,4.43,0
rapyd seriös,0,56,0%,6.32,0
o2switch servers location france,0,56,0%,6.82,0
tot seo,0,56,0%,6.84,0
5 euros point com,0,56,0%,6.91,0
metricool cena polska 2025,0,56,0%,7.14,0
metricool supported platforms 2026,0,56,0%,7.39,0
flywheel local,0,56,0%,16.75,0
wp auto translate,0,56,0%,42.16,0
créer une plateforme de formation en ligne,0,56,0%,42.91,0
affiliatewp reviews,0,56,0%,51.11,10
multi site wordpress,0,56,0%,61.57,320
academy lms pro,0,55,0%,7.15,0
link whisper internal linking wordpress plugin,0,55,0%,7.69,0
lms tutor,0,55,0%,8.13,10
bitflows,0,55,0%,9.42,0
wordpress plugin traduction,0,55,0%,40.8,0
wordpress datenbank optimierung,0,55,0%,46.71,0
traduire extension wordpress,0,55,0%,64.73,0
wordpress multilanguage plugins,0,55,0%,74.58,0
wordpress übersetzen,0,55,0%,77.07,0
metricool analytics review 2026,0,54,0%,6.09,0
amelia wordpress plugin price,0,54,0%,8.69,0
amelia reservation,0,54,0%,13.8,140
traduction wordpress plugin,0,54,0%,26.61,0
amelia vs wp booking calendar,0,54,0%,34.26,0
plugin traduction,0,54,0%,41.09,320
divi theme vs divi builder,0,54,0%,63.41,0
maintenance preventive wordpress,0,54,0%,78.31,0
fiverr zoom sur la plateforme qui permet de trouver des freelances,0,53,0%,2.02,0
systeme.io features 2026,0,53,0%,6.85,0
wp rocket avis,0,53,0%,10.06,20
amelia booking pricing,0,53,0%,12.49,0
crocoblock price,0,53,0%,14.85,0
fluent forms wordpress,0,53,0%,16.51,0
amelia wordpress plugin,0,53,0%,21.17,0
frank houbre formation,0,53,0%,23.34,10
qu'est-ce qu'un thème wordpress,0,53,0%,31.13,0
word press seo,0,53,0%,61.45,0
learndash pricing per year 2025,0,52,0%,7.44,0
divi pixels,0,52,0%,8.94,480
crocoblock pricing,0,52,0%,12.71,10
thruuu pricing,0,52,0%,13.37,10
learndash price,0,52,0%,37.96,10
seo word press,0,52,0%,72.9,0
amelia booking plugin pricing 2026,0,51,0%,2.9,0
metricool pricing starter plan,0,51,0%,6.41,0
metricool pricing and free plan 2026,0,51,0%,7.29,0
easyhoster,0,51,0%,11.2,320
all in one seo for wordpress,0,51,0%,21.49,140
learndash cost,0,51,0%,32.65,0
all in one seo woocommerce,0,51,0%,33.76,10
wordpress 6.9,0,51,0%,40.78,260
nettoyage base de données,0,51,0%,78.51,0
referencement google wordpress,0,51,0%,86.98,0
entretien wordpress,0,51,0%,91.33,0
metricool trial period,0,50,0%,2.58,0
on vous dit tout sur google web stories pour wordpress,0,50,0%,2.72,0
wp social ninja pricing,0,50,0%,4.62,0
tastewp login,0,50,0%,7.66,0
fluentcommunity bewertung,0,50,0%,9.34,0
sure cart,0,50,0%,10.52,10
amelia packages,0,50,0%,13.16,10
all in one seo plugin,0,50,0%,19.88,10
woofunnels vs cartflows,0,50,0%,30.54,10
site:https://schoolswp.com/,0,50,0%,46.1,0
clean up database wordpress,0,50,0%,54.88,20
does o2switch use cpanel,0,49,0%,3.47,0
metricool rating,0,49,0%,3.96,0
metricool pricing 2025 pln,0,49,0%,4.55,0
amelia wordpress booking plugin official site,0,49,0%,8.84,0
all in one seo pack,0,49,0%,20.14,30
wordpress lms reviews,0,49,0%,34.33,0
wordpress gutenberg,0,49,0%,37.57,390
traduire un plugin wordpress,0,49,0%,45.94,0
mises à jour wordpress,0,49,0%,62.14,0
builder divi wordpress,0,49,0%,79.57,0
seo wordpress francais,0,49,0%,83.51,0
wordpress multisite seo,0,49,0%,93.84,0
structurer article wordpress lisibilite,0,48,0%,2.23,0
metricool current pricing 2024,0,48,0%,2.83,0
amelia booking plugin pricing 2025,0,48,0%,6.31,0
o2switch backups,0,48,0%,6.35,0
fluentsmtp wordpress plugin,0,48,0%,8.29,0
rapyd cloud review,0,48,0%,11.46,0
best wp rocket alternatives,0,48,0%,14.85,0
metricool paid plans pricing 2024,0,47,0%,2.98,0
amelia wordpress booking plugin pricing 2025,0,47,0%,4.55,0
metricool pricing and free plan,0,47,0%,6.62,0
learndash wp review,0,47,0%,8.38,0
quels sont les avantages d un multisite,0,47,0%,8.7,0
woocommerce et surecart,0,47,0%,12.94,0
cartflows review,0,47,0%,58.43,0
metricool free plan post limit,0,46,0%,4.07,0
o2switch smtp host,0,46,0%,4.43,0
fluentboard,0,46,0%,6.91,0
metricool review 2026,0,46,0%,7.2,0
wordpress amelia,0,46,0%,11.35,30
plugin tunnel de vente wordpress,0,46,0%,18.74,0
alidropship plugin review,0,46,0%,30.13,0
prix divi wordpress,0,46,0%,39.89,10
wordpress divi,0,46,0%,45.11,210
amelia vs bookly comparison,0,46,0%,55.02,0
theme wp,0,46,0%,58.22,880
metricool review rating 2024,0,45,0%,2.07,0
rapyd cloud promo code,0,45,0%,4.53,0
barn2 plugins,0,45,0%,4.98,10
wordpress 6.9 review,0,45,0%,9.78,0
qu'est ce qu'un thème wordpress,0,45,0%,31.73,0
full site editing,0,45,0%,51.71,0
divi wordpress prix,0,45,0%,56.69,0
best internal link plugin wordpress,0,45,0%,75.02,0
closte hosting flyingpress compatibility,0,44,0%,8.5,0
plateforme de formation avec wordpress,0,44,0%,15.45,0
learndash lms,0,44,0%,37.32,0
wordpress translate plugin,0,44,0%,60.39,0
theme wordpress,0,44,0%,61.89,0
serpanalytics,0,44,0%,63.18,0
crm integration tools coupon,0,43,0%,4.53,0
plugins seo wordpress seopress vs yoast,0,43,0%,5.47,0
ninja tables,0,43,0%,6.19,0
o2switch official website,0,43,0%,6.7,0
formation 5euros.com,0,43,0%,7.7,0
fluentbooking wordpress plugin,0,43,0%,8.53,0
sure members,0,43,0%,9.19,0
sure forms,0,43,0%,12.91,0
pretty links,0,43,0%,12.98,0
ovh vs o2switch,0,43,0%,40.56,0
hebergement o2switch,0,43,0%,41.4,0
monétisation des offres éducatives avec lms,0,43,0%,59.12,0
rocketlinks avis,0,43,0%,71.63,0
wordpress plugin for internal linking,0,43,0%,75.91,0
o2switch hosting,0,42,0%,4.93,0
zipwp.com,0,42,0%,6.02,0
metricool starter plan pricing,0,42,0%,6.33,0
5 euros site,0,42,0%,7.31,0
fluentforms,0,42,0%,9.74,0
rank math pro,0,42,0%,11.43,0
clean wordpress,0,42,0%,60.88,0
divi woocommerce plugin,0,42,0%,66.26,0
wordpress site seo,0,42,0%,86.95,0
metricool polska opinie 2025,0,41,0%,6,0
5 euro. com,0,41,0%,8.46,0
code promo hebergementwordpress.fr,0,41,0%,12.78,0
5euros.com connexion,0,41,0%,13.12,0
amelia booking system,0,41,0%,18,0
learndash precio,0,41,0%,70.9,0
seo and wordpress,0,41,0%,77.56,0
outil seo wordpress,0,41,0%,84.46,0
suretriggers.com,0,41,0%,86.1,0
tenfold plugins,0,41,0%,86.1,0
detect broken wordpress forms,0,41,0%,89.05,0
metricool cena pln 2024,0,40,0%,2.05,0
amelia wordpress plugin pricing 2026,0,40,0%,2.42,0
does o2switch shared hosting support php mail() function,0,40,0%,3.1,0
suremember,0,40,0%,4.2,0
metricool starter plan price pln,0,40,0%,4.78,0
o2switch hosting france data centers,0,40,0%,5.55,0
what is crocoblock,0,40,0%,6.38,10
what is wordpress playground,0,40,0%,9.12,0
amelia wordpress booking plugin apple calendar ical,0,40,0%,9.25,0
o2switch data center location clermont-ferrand,0,40,0%,9.62,0
latepoint wordpress plugin,0,40,0%,11.07,0
link whisper price,0,40,0%,14,0
allinone seo,0,40,0%,25.3,0
wordpress and seo,0,40,0%,71.2,0
seo on wordpress,0,40,0%,71.35,0
seo free plugin wordpress,0,40,0%,73.2,0
seo pour wordpress,0,40,0%,74.08,0
elementor tutor lms,0,40,0%,76.1,0
uncanny automator alternative,0,40,0%,86.55,0
metricool starter plan price 2025,0,39,0%,3,0
metricool cena,0,39,0%,3.41,0
rapyd cloud,0,39,0%,6.36,0
5€ com,0,39,0%,6.69,0
tarif metricool,0,39,0%,9.03,0
thot seo prix,0,39,0%,12.03,0
seokey wordpress,0,39,0%,15.95,0
microthemer lifetime deal,0,39,0%,26.1,0
avis o2switch,0,39,0%,28.87,0
wordpress mitgliederverwaltung,0,39,0%,56.31,0
wordpress test site,0,39,0%,62.51,0
seo wordpress site,0,39,0%,77.46,50
o2switch money back guarantee,0,38,0%,2.92,0
metricool free plan details 2025,0,38,0%,4.37,0
cinq-euros.com,0,38,0%,6.89,0
o2switch smtp hostname,0,38,0%,7.45,0
o2switch data centers locations,0,38,0%,8.05,0
link whisper internal link suggestions plugin,0,38,0%,8.13,0
5 euro point com,0,38,0%,8.16,0
fluentaffiliate avis,0,38,0%,10.32,0
5 euros com freelance,0,38,0%,10.63,0
fluent smtp vs wp mail smtp,0,38,0%,15.61,10
alidropship premium store,0,38,0%,38.53,10
wordpress outils seo,0,38,0%,81.47,0
nettoyer une base de données,0,38,0%,85.18,0
metricool opinie 2025,0,37,0%,5.59,0
kadence pro,0,37,0%,8.24,0
business dynamite,0,37,0%,8.86,0
alternative wp rocket,0,37,0%,8.92,0
theme wordpress kadence,0,37,0%,9.3,0
amelia sms pricing,0,37,0%,10.35,0
academy lms review,0,37,0%,10.78,0
better than cartflows,0,37,0%,13.49,0
seo for all,0,37,0%,23.54,170
wordpress espace membre,0,37,0%,42.46,50
avis lws,0,37,0%,50.7,590
cartflows alternatives,0,37,0%,52.38,10
maintenance site wordpress professionnel,0,37,0%,86.24,0
metricool starting price 2024,0,36,0%,2.06,0
storebuilder la meilleure alternative shopify,0,36,0%,4.28,0
prestoplayer,0,36,0%,4.42,10
der wordpress playground,0,36,0%,6.92,0
link whisper wordpress internal linking plugin features,0,36,0%,8.28,0
localwp deutsch,0,36,0%,8.44,0
buddyboss wordpress,0,36,0%,9.17,10
creer plateforme formation wordpress,0,36,0%,11.36,0
site de niche clé en main,0,36,0%,12.75,0
manychat c'est quoi,0,36,0%,14,0
what is crocoblock in wordpress,0,36,0%,24.64,0
alidropship plugin reviews,0,36,0%,33.19,0
surecart review,0,36,0%,34.39,10
seo gratuit wordpress,0,36,0%,60.58,10
𝗖𝗵𝗮𝘁𝗦𝗘𝗢 𝗔𝘃𝗶𝘀,0,36,0%,61.53,0
clean up wordpress database,0,36,0%,62.39,20
seo in wordpress,0,36,0%,70.58,720
plugin menu divi,0,36,0%,72.25,0
what are slugs in wordpress,0,36,0%,72.44,10
plugin wordpress pour le seo,0,36,0%,90.17,0
o2switch pricing 2025,0,35,0%,1.6,0
amelia,0,35,0%,4.26,9900
systeme.io ai features 2026,0,35,0%,5.69,0
o2switch trustpilot,0,35,0%,6.91,0
getresponse email automatisation,0,35,0%,7.49,0
umbrella wordpress,0,35,0%,7.94,0
tutor lms wordpress plugin features,0,35,0%,8.46,0
o2switch news,0,35,0%,9.26,0
wordpress 6.9 field guide,0,35,0%,9.83,0
wordpress all in one seo,0,35,0%,11.71,140
wp rocket vs,0,35,0%,13.63,10
buddy boss dienstleister,0,35,0%,27.31,0
freelance netlinking,0,35,0%,36.09,0
wordpress clean database,0,35,0%,37.71,20
instawp.com,0,35,0%,59.49,10
