Keyword,Volume FR/mois,Concurrence,Niveau concurrence,CPC (EUR),Difficulte SEO (KD),Intention,Tendance YoY %,Tendance QoQ %,2025-06,2025-07,2025-08,2025-09,2025-10,2025-11,2025-12,2026-01,2026-02,2026-03,2026-04,2026-05
tablepress 3.3,,,,,,commercial (0.49) / informational (0.40),,,,,,,,,,,,,,
tablepress,110,0.17,LOW,3.67,29,transactional,-36,-36,110,140,90,110,90,90,90,140,110,90,70,
tablepress wordpress,20,0.02,LOW,,48,commercial,-50,,30,30,30,20,20,10,20,20,30,20,,
wordpress tablepress,20,0.02,LOW,,48,commercial,-50,,30,30,30,20,20,10,20,20,30,20,,
tablepress align center,10,,,,,informational,,,,,,,,,,,,,,
tablepress examples,10,,,,,informational,,,,,,,,,,,,,,
tablepress styler,10,0,LOW,,,transactional,,,10,10,,,,10,10,10,,10,,
tablepress filter,10,,,,,transactional,,,,,,10,,,,,,,,
tablepress header color,10,,,,,informational,,,,10,,,10,,,,,,,
tablepress images,10,,,,,informational,,,10,,,,,,,,,,,
tablepress tutorial,10,0,LOW,,,informational,,,,10,,,,,,,,10,,
tablepress wordpress tutorial,10,0,LOW,,,informational,,,,,10,10,,,,,,,10,
elementor tablepress,10,,,,,transactional,,,10,,,,,,,,,,,
tablepress demo,10,,,,,informational,-100,,,10,,,,,,,,,,
tablepress woocommerce,10,,,,,commercial,-100,,,,10,,10,,,,,,,
tablepress responsive css,10,,,,,informational,,,10,,,,,,,,,,,
tablepress css examples,10,0.07,LOW,,,informational,,,10,,,,10,,,,10,10,,
tablepress mysql,10,,,,,informational,,-100,,,,,,,,10,,,,
tablepress alternatives,10,,,,,informational,-100,,,10,10,,,,10,,,,,
tablepress auto import,10,,,,,navigational,-100,,,,,,,,,,,,,
tablepress shortcode,10,,,,,transactional,-100,,,,,,,10,,10,,,,
tablepress responsive tables,10,0,LOW,,,commercial,,,,10,10,10,10,10,10,10,10,10,,
tablepress wpml,10,0,LOW,,,transactional,,,,10,,,10,10,10,,10,10,,
tablepress plugin,10,0.04,LOW,,,transactional,,,10,10,10,10,10,10,10,10,10,10,,
tablepress documentation,10,0,LOW,,,navigational,,,,10,,10,,10,10,,10,10,10,
tablepress pro nulled,10,,,,,informational,,,,10,,10,10,10,,,,,,
tablepress merge cells,10,,,,,informational,,,,,,10,10,,,,,,,
tablepress mobile responsive,10,0,LOW,,,navigational,,,,,,,,10,,,,10,,
tablepress mobile,10,,,,,navigational,,,,,,,,,,,,,,
tablepress extension responsive tables,10,,,,,transactional,-100,,,10,,10,10,,,,10,,,
tablepress responsive tables wordpress plugin,10,,,,,commercial,-100,,,,,,,,10,,,,,
wordpress tablepress responsive,10,,,,,commercial,,,,,,,,,10,,,,,
tablepress elementor,10,0.14,LOW,0.5,,transactional,,,10,10,10,10,10,10,10,10,10,10,,
tablepress wordpress plugin,10,0,LOW,,,commercial,,,10,10,10,10,10,,10,10,10,10,,
wordpress tablepress plugin,10,0,LOW,,,transactional,,,10,10,,,,10,,,,10,10,
tablepress styling,10,0,LOW,,,navigational,,,10,10,,,,10,10,10,,10,,
tablepress responsive not working,10,,,,,informational,,,,,,10,,,,,,,,
wordpress plugin tablepress,10,,,,,transactional,-100,-100,,,,,,10,,10,,,,
tablepress pro,10,,,,,transactional,-100,,10,10,10,,10,10,10,,,,,
tablepress responsive,10,0,LOW,,51,navigational,,,10,10,10,10,10,,,10,10,10,10,
plugin tablepress wordpress,10,0,LOW,,,transactional,,,10,,,10,,,,10,10,10,,
tablepress nulled,10,0,LOW,,,informational,,,10,10,10,10,10,10,,,,10,,
tablepress extension,10,,,,,transactional,,,10,,,,,,,,,,,
tablepress wordpress responsive,10,,,,,navigational,-100,-100,,,,,,10,,10,,,,
tablepress google sheets,10,,,,,informational,,,,10,,,,,,,,,,
tablepress table width,10,,,,,informational,,,,,,,,10,10,,,,,
tablepress premium,10,0,LOW,,,transactional,,,10,10,10,,10,,,,10,10,,
plugin tablepress,10,0.04,LOW,,,transactional,,,10,10,10,10,10,10,10,10,10,10,,
tablepress column width,10,,,,,informational,-100,-100,10,10,10,,10,10,,10,10,,,
tablepress css,10,,,,,informational,-100,-100,10,10,10,10,10,10,,10,,,,
tablepress border,,,,,,transactional,-100,,,,,,,,,,,,,
tablepress search box,,,,,,navigational,,,,,,,,,,,,,,
tablepress advanced editor,,,,,,transactional,,,,,,,,,,,,,,
tablepress templates,,,,,,transactional,,,,,,,,,,,,,,
tablepress font size,,,,,,informational,,,,,,,,,,,,,,
tablepress shortcode not working,,,,,,informational,,,,,,,,,,,,,,
tablepress faq,,,,,,informational,,,,,,,,,,,,,,
tablepress row height,,,,,,informational,-100,,,,,,,,,,,,,
tablepress support,,,,,,navigational,,,,,,,,,,,,,,
tablepress database,,,,,,navigational,,,,,,,,,,,,,,
tablepress font-size,,,,,,informational,,,,,,,,,,,,,,
tableau wordpress,30,,,,,navigational,-40,,,,,,,,,,,,,
plugin tableau wordpress,10,,,,48,commercial,-50,,,,,,,,,,,,,
