id,name,path,depth,direct_children,flag
10LzpBzsS7OEFCIarkQzyTillZb4rXH_U,04_CLIENTS,04_CLIENTS,0,0,OK
1j7qtlbP9ysT1ZGMKvJJwusSawViO_2qZ,08_PERSONNEL,08_PERSONNEL,0,3,OK
1RK5QOJg5e1tAU98LOt5unYim_Ei97wBi,06_MONETISATION,06_MONETISATION,0,0,OK
1HTsUcHKYg4mdBAaDeH5lGc4Wu4oNPrTi,05_CONTENUS,05_CONTENUS,0,0,OK
1HMGg1z36vhSBnDvGLMcFsYt6iFxYlx_7,03_RESSOURCES,03_RESSOURCES,0,0,OK
1-lnemHV-bUc5d-CFYuWkgcl8B7emi1ZF,02_PROJETS,02_PROJETS,0,6,OK
1DQtaBpjl9ffY5syy4NFxnJDku4FdvF8Z,99_ARCHIVES,99_ARCHIVES,0,0,OK
1CVEHeKlVJl4EzJtwKKVbbeO5Es-gWAnU,01_ADMIN,01_ADMIN,0,7,OK
12BeOpPH3YO2fbrTcLjoiVAs4L_rH0Qq-,00_START-HERE,00_START-HERE,0,4,OK
1gRxaXkrlnV9q-dxAk0ZQlb7Hut0sq-if,03_Documents-Famille,08_PERSONNEL/03_Documents-Famille,1,0,OK
1fTf3arzbB1B5jPOJdowl-c6HrYuyCGsx,02_Photos,08_PERSONNEL/02_Photos,1,0,OK
1FTXIcCPXiZITZtnvKJyIkGGJeiGBkJ5k,01_Medical,08_PERSONNEL/01_Medical,1,3,OK
1D10mjPHE_PEab5ajRUq7spoY4gleTSEY,schoolsWP,02_PROJETS/schoolsWP,1,6,OK
1m81_uoDzU9IKoWTVEFbM3-4yj1EtUeUc,Vanessa PIVEC,02_PROJETS/Vanessa PIVEC,1,0,OK
1Iw6htjboAuciMF1GU6z-YgPQkMFQw327,Petit Papier Magique,02_PROJETS/Petit Papier Magique,1,0,OK
1Y00fAlW_iXgh5DtCFV655N7mgG3xH2X6,Mon Mini Électro,02_PROJETS/Mon Mini Électro,1,1,OK
1wkB4kipeiMtAALohh_PFGefgzKWu6ZVl,Michaël KIHL,02_PROJETS/Michaël KIHL,1,8,OK
1FiyfrZDY9ayFqWQpkHkeCUwuI-Gm4kuB,Maé KIHL,02_PROJETS/Maé KIHL,1,0,OK
1jSoymMpuLleALZ4RlsS-TnlavaZ7MLNu,99_ARCHIVES,01_ADMIN/99_ARCHIVES,1,0,OK
1u4uTHEF8100ZcBjpgp58qPDU_qhF8tgt,06_Impots-Fiscal,01_ADMIN/06_Impots-Fiscal,1,0,OK
1WdpHcXjAkf2qHBsU4dveNWkygJIq4Ajp,05_Contrats,01_ADMIN/05_Contrats,1,4,OK
1VF2UqYVxZDYTdOB8tgkBjEVAKMxXy-q6,04_Factures,01_ADMIN/04_Factures,1,3,OK
1ZPS42TmNa-GYHevN8_B0yrjNYzTeRNkl,03_Banque,01_ADMIN/03_Banque,1,3,OK
1tkqEWZymHE-iGwx9VWWrVuH7FRfVsZsR,02_Assurances,01_ADMIN/02_Assurances,1,0,OK
19Bf5-OzzBafLEA57LeLYsTj9XypC0cFh,01_Identite,01_ADMIN/01_Identite,1,0,OK
1nry08tfbKGDVSzu4Ax-IpqJAXVaQo2Y8,04_Onboarding,00_START-HERE/04_Onboarding,1,0,OK
11Lt-tQ2wmBTPo3gjmAGyKYNyK6tpIAc9,03_Templates-et-modeles,00_START-HERE/03_Templates-et-modeles,1,0,OK
1AdrSLaPMl0iWF0L-9LgW0EFlU87lwyEM,02_Conventions-de-nommage,00_START-HERE/02_Conventions-de-nommage,1,0,OK
1Dtp2PLkKk_xIt7-PG8bkrXJQyBjvqbdo,01_Organisation-du-Drive,00_START-HERE/01_Organisation-du-Drive,1,0,OK
14n45QYMRq27EfsbpJUtVckNE4OqAHJ0S,MDPH,08_PERSONNEL/01_Medical/MDPH,2,0,OK
1kbMp-eMJDB-0XQ3QcuRV2DirKwZgqyFt,Laboratoire,08_PERSONNEL/01_Medical/Laboratoire,2,0,OK
12dWdFcjt52_8GdGpsBnuuXSc6xG0Dvd1,Hopital,08_PERSONNEL/01_Medical/Hopital,2,0,OK
1bc64Ug-T2_0Go376kEKQSgZqDYa9F7NZ,06_Monétisation,02_PROJETS/schoolsWP/06_Monétisation,2,4,OK
1VqnC6jiPNFycoJF_Eixuh6p6sfU88wci,05_Contenus,02_PROJETS/schoolsWP/05_Contenus,2,6,OK
1Er1ep9cG8mouzC9Qh-AKX2MO1obTFpVb,01_Assets,02_PROJETS/schoolsWP/01_Assets,2,6,OK
1Z6LcLQqYhnT7f0IpYI2YHROJChHKtD6u,04_Prompt,02_PROJETS/schoolsWP/04_Prompt,2,0,OK
1U3ULsojI5imFfepgwcQ4fCEqVoKABpKj,03_Automatisation,02_PROJETS/schoolsWP/03_Automatisation,2,4,OK
1QwHLKJ8QTmCvUU08WRJiPENVgxr671XN,02_SEO,02_PROJETS/schoolsWP/02_SEO,2,0,OK
1_Dq2zABoH-tomV8wVKRknAwwn8OzAZrX,99_ARCHIVES,01_ADMIN/05_Contrats/99_ARCHIVES,2,0,OK
1jLB4QSegxPA3BCQLcR7rIBtddGFbfYdB,03_Partenaires,01_ADMIN/05_Contrats/03_Partenaires,2,0,OK
1TzWqiLN115E180mCjF6S6c5LkQkk1sdu,02_Prestataires,01_ADMIN/05_Contrats/02_Prestataires,2,0,OK
1nkVUVAw2_ObWZ1JQ5SL2R5IqHUJmQEzg,01_Clients,01_ADMIN/05_Contrats/01_Clients,2,0,OK
1rHzvBSxoZNteH9GoJvtxNca08IInIBac,99_ARCHIVES,01_ADMIN/04_Factures/99_ARCHIVES,2,0,OK
1DkIlgpGQuDPfEFlHLlaG2nghz06DBPeW,02_Recues,01_ADMIN/04_Factures/02_Recues,2,0,OK
1Neh3eQht_5Em_m28MDdEcYZTdbtthRPQ,01_Emises,01_ADMIN/04_Factures/01_Emises,2,0,OK
1--CAuIfLCaFj0xEpjc6vNZs7T-uIZlyp,99_ARCHIVES,01_ADMIN/03_Banque/99_ARCHIVES,2,0,OK
1FDIHvV4rLSN2oAuJLQIOUkXIaebgg8gG,02_Justificatifs,01_ADMIN/03_Banque/02_Justificatifs,2,0,OK
1KGQ6RFYTaU2Q4tOiy32oNIO8dYSxDM5E,01_Releves,01_ADMIN/03_Banque/01_Releves,2,0,OK
1JTdz-T8HDWflxJJcdiHZmgR7UG9Uat4I,99_ARCHIVES,02_PROJETS/schoolsWP/06_Monétisation/99_ARCHIVES,3,0,OK
1VgjFQ2qQ4SgeqL-8LM1e3UeCUBe9ik2p,03_Campagnes,02_PROJETS/schoolsWP/06_Monétisation/03_Campagnes,3,0,OK
1VPEA-O3w0XxGZqEBivhaaazqs8Bh4mFk,02_Partenariats,02_PROJETS/schoolsWP/06_Monétisation/02_Partenariats,3,0,OK
1BxKjv4i3lexjMHtXGvvMh00sHq70tyzT,01_Affiliation,02_PROJETS/schoolsWP/06_Monétisation/01_Affiliation,3,0,OK
1QMrI7Jfc0NqezMMmod8m4HX9UtV9V_Ni,05_Scripts-video-audio,02_PROJETS/schoolsWP/05_Contenus/05_Scripts-video-audio,3,0,OK
1Ahw7Dbo6qCgycZO8L9CphVHZvfwh4dYG,04_Lead-magnets,02_PROJETS/schoolsWP/05_Contenus/04_Lead-magnets,3,0,OK
1Yty2ByHtkeVI8RALcnKMiuogIIeZKzZy,03_Publies,02_PROJETS/schoolsWP/05_Contenus/03_Publies,3,0,OK
1DXWxvYAL2H--emk8nGnibaKGZXmq-Lc6,02_A-optimiser,02_PROJETS/schoolsWP/05_Contenus/02_A-optimiser,3,0,OK
1RDoMm-IIIpM8pcMQ9BUQO_giCRR22RqA,01_En-cours,02_PROJETS/schoolsWP/05_Contenus/01_En-cours,3,0,OK
1elUgdHqA72kPxDriXsBwUgJPtJM4AiMg,99_ARCHIVES,02_PROJETS/schoolsWP/05_Contenus/99_ARCHIVES,3,0,OK
1VuU-Os3zWyeV1JtQE4W4LvXL0rBT51aD,99_ARCHIVES,02_PROJETS/schoolsWP/01_Assets/99_ARCHIVES,3,0,OK
1k0iBVh8ogolY7XtXeTw3WGT3ojb_IqdG,05_Canva-PSD,02_PROJETS/schoolsWP/01_Assets/05_Canva-PSD,3,0,OK
14BRdge7rzTrt_9RBe0RX1NT6scGsZhao,04_PDF-Documents,02_PROJETS/schoolsWP/01_Assets/04_PDF-Documents,3,0,OK
19ONbt9E7mn2kjiBQapUarX8dZl_319tL,03_Videos,02_PROJETS/schoolsWP/01_Assets/03_Videos,3,0,OK
16kt4h86mDvJzoOzq0bYfZeKIL8zAf1n7,02_Images,02_PROJETS/schoolsWP/01_Assets/02_Images,3,0,OK
1GHKc24g0v8uGwKdbKUTmUBrpsU2rdZkM,01_Logos-Branding,02_PROJETS/schoolsWP/01_Assets/01_Logos-Branding,3,0,OK
1Ko6dQjb_RiVs5wlg-8Jq6r7-mChoVKIp,04_OttoKit,02_PROJETS/schoolsWP/03_Automatisation/04_OttoKit,3,0,OK
1kz_Ddbj1hdmywJfwleqdOraAo3hzi22k,03_Make,02_PROJETS/schoolsWP/03_Automatisation/03_Make,3,0,OK
1v3Y0U5Rx10D6i_ZTyR-1B5z59x-9LH8y,02. Pabbly,02_PROJETS/schoolsWP/03_Automatisation/02. Pabbly,3,0,OK
1FAefx0hVLnixuHRIcs6MHKQat9uruQuL,01. n8n,02_PROJETS/schoolsWP/03_Automatisation/01. n8n,3,0,OK
