url,type_page,langue,cluster,sous_cluster,role_SEO,role_business,priorite,observations,notes
https://schoolswp.com/,hub,fr,Divers,,pilier,lead,P1,Homepage — page racine du site,
https://schoolswp.com/en/home/,hub,en,Divers,,pilier,lead,P1,Homepage EN,
https://schoolswp.com/de/startseite/,hub,de,Divers,,pilier,lead,P1,Homepage DE,
https://schoolswp.com/blog/,hub,fr,Divers,,pilier,lead,P2,Archive blog principal FR,
https://schoolswp.com/en/blog-en/,hub,en,Divers,,pilier,lead,P2,Archive blog EN,
https://schoolswp.com/de/blog-de/,hub,de,Divers,,pilier,lead,P2,Archive blog DE,
https://schoolswp.com/seo-wordpress/,hub,fr,SEO,,pilier,lead,P1,Hub cluster SEO,
https://schoolswp.com/hebergement-wordpress/,hub,fr,Hebergement,,pilier,affilie,P1,Hub cluster Hébergement,
https://schoolswp.com/formation-en-ligne-lms/,hub,fr,LMS,,pilier,affilie,P1,Hub cluster LMS,
https://schoolswp.com/performance-wordpress/,hub,fr,Performance,,pilier,lead,P1,Hub cluster Performance,
https://schoolswp.com/monetisation-wordpress/,hub,fr,Affiliation,,pilier,affilie,P1,Hub cluster Monétisation,
https://schoolswp.com/automatisations-wordpress/,hub,fr,Automatisation,,pilier,lead,P1,Hub cluster Automatisation,
https://schoolswp.com/espaces-membres-wordpress/,hub,fr,Plugins,Membership,pilier,affilie,P1,Hub cluster Espaces membres,
https://schoolswp.com/ecommerce-wordpress/,hub,fr,Plugins,Ecommerce,pilier,affilie,P1,Hub cluster Ecommerce,
https://schoolswp.com/formulaires-crm/,hub,fr,Plugins,CRM,pilier,lead,P2,Hub cluster Formulaires CRM,
https://schoolswp.com/design-wordpress/,hub,fr,Plugins,Design,pilier,lead,P2,Hub cluster Design,
https://schoolswp.com/guides-wordpress/,hub,fr,Divers,,pilier,lead,P1,Hub guides WordPress — volume probable élevé,
https://schoolswp.com/tutoriels-wordpress-video/,hub,fr,Divers,,pilier,lead,P2,Hub tutoriels vidéo,
https://schoolswp.com/traduction-wordpress/,hub,fr,Divers,Multilingue,pilier,lead,P2,Hub cluster Traduction,
https://schoolswp.com/reservations-wordpress/,hub,fr,Plugins,Réservation,pilier,lead,P2,Hub cluster Réservations,
https://schoolswp.com/maintenance-securite-wordpress/,hub,fr,Plugins,Maintenance,pilier,lead,P2,Hub cluster Maintenance,
https://schoolswp.com/outils-test-wordpress/,hub,fr,Divers,Outils,pilier,lead,P2,Hub cluster Outils test,
https://schoolswp.com/ia-wordpress/,hub,fr,Divers,IA,pilier,lead,P2,Hub cluster IA WordPress,
https://schoolswp.com/reseaux-sociaux-wordpress/,hub,fr,Plugins,Social,pilier,lead,P3,Hub cluster Réseaux sociaux,
https://schoolswp.com/productivite-wordpress/,hub,fr,Plugins,Productivité,pilier,lead,P3,Hub cluster Productivité,
https://schoolswp.com/mises-a-jour-wordpress/,hub,fr,Divers,,support,lead,P2,Hub mises à jour WP,
https://schoolswp.com/autres/,categorie,fr,Divers,,orpheline,lead,P3,Catégorie fourre-tout — À vérifier,
https://schoolswp.com/seo-wordpress/rank-math/,categorie,fr,SEO,Rank Math,money,affilie,P1,Sous-catégorie Rank Math — plugin principal du site,
https://schoolswp.com/seo-wordpress/aioseo/,categorie,fr,SEO,AIOSEO,money,affilie,P2,Sous-catégorie AIOSEO,
https://schoolswp.com/seo-wordpress/link-whisper/,categorie,fr,SEO,Link Whisper,money,affilie,P2,Sous-catégorie Link Whisper,
https://schoolswp.com/seo-wordpress/seokey/,categorie,fr,SEO,SEOKey,money,affilie,P2,Sous-catégorie SEOKey,
https://schoolswp.com/seo-wordpress/seopress/,categorie,fr,SEO,SEOPress,money,affilie,P2,Sous-catégorie SEOPress,
https://schoolswp.com/seo-wordpress/yoast-seo/,categorie,fr,SEO,Yoast,money,affilie,P2,Sous-catégorie Yoast SEO,
https://schoolswp.com/seo-wordpress/pageradar-io/,categorie,fr,SEO,PageRadar,money,affilie,P2,Sous-catégorie PageRadar,
https://schoolswp.com/hebergement-wordpress/o2switch/,categorie,fr,Hebergement,O2switch,money,affilie,P1,O2switch — hébergeur FR majeur,
https://schoolswp.com/hebergement-wordpress/rapyd-cloud/,categorie,fr,Hebergement,Rapyd Cloud,money,affilie,P1,Rapyd Cloud — fort potentiel affiliation,
https://schoolswp.com/hebergement-wordpress/easyhoster/,categorie,fr,Hebergement,EasyHoster,money,affilie,P2,Sous-catégorie EasyHoster,
https://schoolswp.com/hebergement-wordpress/copilhost-fr/,categorie,fr,Hebergement,CopilHost,money,affilie,P2,Sous-catégorie CopilHost,
https://schoolswp.com/formation-en-ligne-lms/learndash/,categorie,fr,LMS,LearnDash,money,affilie,P1,LearnDash — LMS leader,
https://schoolswp.com/formation-en-ligne-lms/tutor-lms/,categorie,fr,LMS,TutorLMS,money,affilie,P1,TutorLMS — stack officielle schoolsWP,
https://schoolswp.com/formation-en-ligne-lms/masteriyo-lms/,categorie,fr,LMS,Masteriyo,money,affilie,P2,Sous-catégorie Masteriyo LMS,
https://schoolswp.com/formation-en-ligne-lms/academy-lms/,categorie,fr,LMS,Academy LMS,money,affilie,P2,Sous-catégorie Academy LMS,
https://schoolswp.com/performance-wordpress/wp-rocket/,categorie,fr,Performance,WP Rocket,money,affilie,P1,WP Rocket — référence performance WP,
https://schoolswp.com/performance-wordpress/flyingpress/,categorie,fr,Performance,FlyingPress,money,affilie,P2,Sous-catégorie FlyingPress,
https://schoolswp.com/performance-wordpress/perfmatters/,categorie,fr,Performance,Perfmatters,money,affilie,P2,Sous-catégorie Perfmatters,
https://schoolswp.com/monetisation-wordpress/aawp-fr/,categorie,fr,Affiliation,AAWP,money,affilie,P2,AAWP — plugin Amazon affiliés,
https://schoolswp.com/monetisation-wordpress/clickwhale/,categorie,fr,Affiliation,ClickWhale,money,affilie,P2,ClickWhale — gestion liens affiliés,
https://schoolswp.com/monetisation-wordpress/solid-affiliate/,categorie,fr,Affiliation,Solid Affiliate,money,affilie,P2,Solid Affiliate,
https://schoolswp.com/monetisation-wordpress/affiliatewp-fr/,categorie,fr,Affiliation,AffiliateWP,money,affilie,P2,AffiliateWP,
https://schoolswp.com/monetisation-wordpress/affiliatepress/,categorie,fr,Affiliation,AffiliatePress,money,affilie,P2,AffiliatePress,
https://schoolswp.com/automatisations-wordpress/ottokit/,categorie,fr,Automatisation,OttoKit,money,affilie,P2,OttoKit (ex-SureTriggers),
https://schoolswp.com/automatisations-wordpress/bit-flows/,categorie,fr,Automatisation,Bit Flows,money,affilie,P2,Bit Flows,
https://schoolswp.com/espaces-membres-wordpress/armember/,categorie,fr,Plugins,ARMember,money,affilie,P2,ARMember,
https://schoolswp.com/espaces-membres-wordpress/buddyboss/,categorie,fr,Plugins,BuddyBoss,money,affilie,P2,BuddyBoss — communauté WP,
https://schoolswp.com/espaces-membres-wordpress/fluentcommunity/,categorie,fr,Plugins,FluentCommunity,money,affilie,P2,FluentCommunity,
https://schoolswp.com/espaces-membres-wordpress/suremembers/,categorie,fr,Plugins,SureMembers,money,affilie,P2,SureMembers,
https://schoolswp.com/espaces-membres-wordpress/wishlist-member/,categorie,fr,Plugins,Wishlist Member,money,affilie,P2,Wishlist Member,
https://schoolswp.com/formulaires-crm/fluentcrm/,categorie,fr,Plugins,FluentCRM,money,affilie,P1,FluentCRM — stack officielle schoolsWP,
https://schoolswp.com/formulaires-crm/fluentforms/,categorie,fr,Plugins,Fluent Forms,money,affilie,P1,Fluent Forms — stack officielle,
https://schoolswp.com/formulaires-crm/groundhogg/,categorie,fr,Plugins,Groundhogg,money,affilie,P2,Groundhogg CRM,
https://schoolswp.com/formulaires-crm/sureforms-fr/,categorie,fr,Plugins,SureForms,money,affilie,P2,SureForms,
https://schoolswp.com/formulaires-crm/fluentsmtp-fr/,categorie,fr,Plugins,FluentSMTP,money,affilie,P2,FluentSMTP,
https://schoolswp.com/formulaires-crm/mailerpress/,categorie,fr,Plugins,MailerPress,money,affilie,P2,MailerPress — plugin email,
https://schoolswp.com/ecommerce-wordpress/surecart/,categorie,fr,Plugins,SureCart,money,affilie,P2,SureCart,
https://schoolswp.com/ecommerce-wordpress/funnelkit/,categorie,fr,Plugins,FunnelKit,money,affilie,P2,FunnelKit (ex-WooFunnels),
https://schoolswp.com/ecommerce-wordpress/cartflows/,categorie,fr,Plugins,CartFlows,money,affilie,P2,CartFlows,
https://schoolswp.com/ecommerce-wordpress/launchflows/,categorie,fr,Plugins,LaunchFlows,money,affilie,P2,LaunchFlows,
https://schoolswp.com/ecommerce-wordpress/fluentcart/,categorie,fr,Plugins,FluentCart,money,affilie,P2,FluentCart — nouveau plugin Fluent,
https://schoolswp.com/ecommerce-wordpress/systeme-io/,categorie,fr,Business,Systeme.io,money,affilie,P2,Systeme.io,
https://schoolswp.com/ecommerce-wordpress/wp-funnels/,categorie,fr,Plugins,WP Funnels,money,affilie,P2,WP Funnels,
https://schoolswp.com/ecommerce-wordpress/alidropship/,categorie,fr,Plugins,AliDropship,money,affilie,P2,AliDropship,
https://schoolswp.com/ecommerce-wordpress/barn2/,categorie,fr,Plugins,Barn2,money,affilie,P3,Barn2,
https://schoolswp.com/ecommerce-wordpress/divi-bodycommerce/,categorie,fr,Plugins,Divi BodyCommerce,money,affilie,P3,Divi BodyCommerce,
https://schoolswp.com/ecommerce-wordpress/wp-marmite/,categorie,fr,Business,WPMarmite,support,lead,P2,Catégorie WPMarmite — concurrent,
https://schoolswp.com/ecommerce-wordpress/virfice/,categorie,fr,Plugins,Virfice,money,affilie,P3,Virfice — plugin récent,
https://schoolswp.com/design-wordpress/elementor/,categorie,fr,Plugins,Elementor,money,affilie,P1,Elementor — volume de recherche élevé,
https://schoolswp.com/design-wordpress/divi/,categorie,fr,Plugins,Divi,money,affilie,P1,Divi — volume élevé,
https://schoolswp.com/design-wordpress/beaver-builder/,categorie,fr,Plugins,Beaver Builder,money,affilie,P2,Beaver Builder,
https://schoolswp.com/design-wordpress/crocoblock/,categorie,fr,Plugins,Crocoblock,money,affilie,P2,Crocoblock,
https://schoolswp.com/design-wordpress/kadence/,categorie,fr,Plugins,Kadence,money,affilie,P2,Kadence,
https://schoolswp.com/design-wordpress/droip/,categorie,fr,Plugins,Droip,money,affilie,P2,Droip — page builder récent,
https://schoolswp.com/design-wordpress/ninja-tables/,categorie,fr,Plugins,Ninja Tables,money,affilie,P2,Ninja Tables,
https://schoolswp.com/design-wordpress/presto-player/,categorie,fr,Plugins,Presto Player,money,affilie,P2,Presto Player,
https://schoolswp.com/design-wordpress/microthemer/,categorie,fr,Plugins,Microthemer,money,affilie,P3,Microthemer,
https://schoolswp.com/design-wordpress/divi-machine/,categorie,fr,Plugins,Divi Machine,money,affilie,P3,Divi Machine,
https://schoolswp.com/design-wordpress/divi-pixel/,categorie,fr,Plugins,Divi Pixel,money,affilie,P3,Divi Pixel,
https://schoolswp.com/design-wordpress/divi-toolbox/,categorie,fr,Plugins,Divi Toolbox,money,affilie,P3,Divi Toolbox,
https://schoolswp.com/design-wordpress/fluentplayer/,categorie,fr,Plugins,FluentPlayer,money,affilie,P3,FluentPlayer — plugin vidéo Fluent,
https://schoolswp.com/reservations-wordpress/fluentbooking/,categorie,fr,Plugins,FluentBooking,money,affilie,P2,FluentBooking — stack officielle,
https://schoolswp.com/reservations-wordpress/amelia-wp-booking/,categorie,fr,Plugins,Amelia WP,money,affilie,P2,Amelia WP — concurrent FluentBooking,
https://schoolswp.com/reservations-wordpress/latepoint/,categorie,fr,Plugins,LatePoint,money,affilie,P2,LatePoint,
https://schoolswp.com/maintenance-securite-wordpress/fluent-support/,categorie,fr,Plugins,Fluent Support,money,affilie,P2,Fluent Support — stack officielle,
https://schoolswp.com/maintenance-securite-wordpress/wp-umbrella/,categorie,fr,Plugins,WP Umbrella,money,affilie,P2,WP Umbrella,
https://schoolswp.com/outils-test-wordpress/instawp/,categorie,fr,Divers,InstaWP,money,affilie,P2,InstaWP,
https://schoolswp.com/outils-test-wordpress/tastewp/,categorie,fr,Divers,TasteWP,money,affilie,P2,TasteWP,
https://schoolswp.com/outils-test-wordpress/zipwp-fr/,categorie,fr,Divers,ZipWP,money,affilie,P2,ZipWP — outil test WP par IA,
https://schoolswp.com/reseaux-sociaux-wordpress/spotlightwp-fr/,categorie,fr,Plugins,SpotlightWP,money,affilie,P3,SpotlightWP,
https://schoolswp.com/reseaux-sociaux-wordpress/wp-social-ninja/,categorie,fr,Plugins,WP Social Ninja,money,affilie,P3,WP Social Ninja,
https://schoolswp.com/productivite-wordpress/fluentboards/,categorie,fr,Plugins,FluentBoards,money,affilie,P3,FluentBoards — stack officielle,
https://schoolswp.com/ia-wordpress/bertha-ai/,categorie,fr,Divers,Bertha AI,money,affilie,P3,Bertha AI — outil IA WP,
https://schoolswp.com/ia-wordpress/getgenie/,categorie,fr,Divers,GetGenie,money,affilie,P3,GetGenie AI,
https://schoolswp.com/meilleures-offres-wordpress-black-friday/,page-conversion,fr,Affiliation,,money,affilie,P1,Page Black Friday — fort potentiel affiliation saisonnier,
https://schoolswp.com/programme-ambassadeur/,page-conversion,fr,Affiliation,,money,affilie,P2,Programme ambassadeur,
https://schoolswp.com/newsletter/,page-conversion,fr,Business,,support,newsletter,P2,Page inscription newsletter FR,
https://schoolswp.com/en/newsletter-en/,page-conversion,en,Business,,support,newsletter,P2,Page inscription newsletter EN,
https://schoolswp.com/de/newsletter-de/,page-conversion,de,Business,,support,newsletter,P2,Page inscription newsletter DE,
https://schoolswp.com/sio-realise-tes-premieres-ventes/,page-conversion,fr,Business,,money,vente,P2,Page conversion Systeme.io — À vérifier type réel,
https://schoolswp.com/a-propos-michael-kihl/,statique,fr,Divers,,support,support,P2,Page à propos — EEAT important,
https://schoolswp.com/en/about-michael-kihl/,statique,en,Divers,,support,support,P2,À propos EN,
https://schoolswp.com/de/uber-michael-kihl/,statique,de,Divers,,support,support,P2,À propos DE,
https://schoolswp.com/contact/,statique,fr,Divers,,orpheline,lead,P3,Page contact,
https://schoolswp.com/portail-assistance/,statique,fr,Divers,,orpheline,support,P3,Portail assistance — vérifier noindex,
https://schoolswp.com/coming-soon/,statique,fr,Divers,,orpheline,support,P3,Page coming soon — vérifier noindex,
https://schoolswp.com/plan-de-site/,statique,fr,Divers,,orpheline,support,P3,Plan de site HTML,
https://schoolswp.com/en/sitemap/,statique,en,Divers,,orpheline,support,P3,Plan de site EN,
https://schoolswp.com/de/sitemap-2/,statique,de,Divers,,orpheline,support,P3,Plan de site DE,
https://schoolswp.com/links/,statique,fr,Divers,,orpheline,lead,P3,Page links — vérifier utilité,
https://schoolswp.com/politique-cookies/,statique,fr,Divers,,orpheline,support,P3,Politique cookies FR — noindex recommandé,
https://schoolswp.com/de/cookie-richtlinie/,statique,de,Divers,,orpheline,support,P3,Politique cookies DE — noindex recommandé,
https://schoolswp.com/en/cookies-policy/,statique,en,Divers,,orpheline,support,P3,Politique cookies EN — noindex recommandé,
https://schoolswp.com/politique-confidentialite/,statique,fr,Divers,,orpheline,support,P3,Politique confidentialité — noindex recommandé,
https://schoolswp.com/en/privacy-policy/,statique,en,Divers,,orpheline,support,P3,Privacy policy EN — noindex recommandé,
https://schoolswp.com/de/datenschutzrichtlinie/,statique,de,Divers,,orpheline,support,P3,Datenschutz DE — noindex recommandé,
https://schoolswp.com/mentions-legales/,statique,fr,Divers,,orpheline,support,P3,Mentions légales FR — noindex recommandé,
https://schoolswp.com/en/legal-notice/,statique,en,Divers,,orpheline,support,P3,Legal notice EN — noindex recommandé,
https://schoolswp.com/de/rechtliche-hinweise/,statique,de,Divers,,orpheline,support,P3,Mentions légales DE — noindex recommandé,
https://schoolswp.com/conditions-generales-utilisation/,statique,fr,Divers,,orpheline,support,P3,CGU FR — noindex recommandé,
https://schoolswp.com/en/general-conditions-of-use/,statique,en,Divers,,orpheline,support,P3,CGU EN — noindex recommandé,
https://schoolswp.com/de/allgemeine-nutzungsbedingungen/,statique,de,Divers,,orpheline,support,P3,CGU DE — noindex recommandé,
https://schoolswp.com/conditions-generales-vente/,statique,fr,Divers,,orpheline,support,P3,CGV FR — noindex recommandé,
https://schoolswp.com/en/general-conditions-of-sale/,statique,en,Divers,,orpheline,support,P3,CGV EN — noindex recommandé,
https://schoolswp.com/de/allgemeine-geschaftsbedingungen/,statique,de,Divers,,orpheline,support,P3,CGV DE — noindex recommandé,
https://schoolswp.com/politique-remboursement/,statique,fr,Divers,,orpheline,support,P3,Politique remboursement FR — noindex recommandé,
https://schoolswp.com/en/refund-policy/,statique,en,Divers,,orpheline,support,P3,Refund policy EN — noindex recommandé,
https://schoolswp.com/de/erstattungspolitik/,statique,de,Divers,,orpheline,support,P3,Erstattungspolitik DE — noindex recommandé,
https://schoolswp.com/feed-tiktok/,statique,fr,Divers,,orpheline,support,P3,Feed TikTok — vérifier noindex,
https://schoolswp.com/feed-instagram/,statique,fr,Divers,,orpheline,support,P3,Feed Instagram — vérifier noindex,
https://schoolswp.com/quest-ce-que-wp-rocket-plugin/,article,fr,Performance,,support,lead,P2,Explication WP Rocket — potentiel vers hub Performance,
https://schoolswp.com/plugin-wordpress/,article,fr,Plugins,,support,lead,P2,Guide plugins WP — article généraliste,
https://schoolswp.com/clickfunnels-peut-il-etre-utile-a-votre-business/,article,fr,Business,,support,lead,P3,ClickFunnels — hors cluster principal,
https://schoolswp.com/on-vous-dit-tout-sur-le-plugin-elementor/,article,fr,Plugins,,support,lead,P2,Guide Elementor FR — maillage vers hub Design,
https://schoolswp.com/en/elementor-review/,article,en,Plugins,,money,affilie,P2,Review Elementor EN,
https://schoolswp.com/personnaliser-fluent-forms-gutenberg/,article,fr,Plugins,,support,lead,P2,Tuto Fluent Forms + Gutenberg,
https://schoolswp.com/en/wordpress-mailerpress/,article,en,Plugins,,money,affilie,P2,MailerPress EN,
https://schoolswp.com/sureforms-wordpress-stockage-local/,article,fr,Plugins,,support,lead,P2,SureForms stockage local — article spécifique,
https://schoolswp.com/en/wplingua-review/,article,en,Divers,,money,affilie,P2,WPLingua review EN,
https://schoolswp.com/thot-seo-avis/,article,fr,SEO,,money,affilie,P2,Avis Thot SEO,
https://schoolswp.com/meilleures-alternatives-cartflows/,article,fr,Plugins,,support,lead,P2,Alternatives CartFlows,
https://schoolswp.com/en/fluentcart-wordpress-review/,article,en,Plugins,,money,affilie,P2,FluentCart review EN,
https://schoolswp.com/en/wordpress-6-9-new-features/,article,en,Divers,,support,lead,P3,WP 6.9 features EN — actualité,
https://schoolswp.com/avis-chatseo-test-complet/,article,fr,SEO,,money,affilie,P2,Avis ChatSEO,
https://schoolswp.com/suremembers-plugin-adhesion-wordpress/,article,fr,Plugins,,money,affilie,P2,SureMembers — article affiliation,
https://schoolswp.com/en/wp-rocket-review/,article,en,Performance,,money,affilie,P1,WP Rocket review EN — fort volume attendu,
https://schoolswp.com/de/bewertung-von-fluentcart-fur-wordpress/,article,de,Plugins,,money,affilie,P3,FluentCart DE,
https://schoolswp.com/code-promo-fluentcrm/,article,fr,Plugins,,money,affilie,P2,Code promo FluentCRM — intent transactionnel,
https://schoolswp.com/de/ninja-tables-fluentcart-interaktive-tabellen/,article,de,Plugins,,support,lead,P3,Ninja Tables + FluentCart DE,
https://schoolswp.com/en/ninja-tables-fluentcart-interactive/,article,en,Plugins,,support,lead,P3,Ninja Tables + FluentCart EN,
https://schoolswp.com/de/fluent-forms-bestes-wordpress-forms-plugin/,article,de,Plugins,,money,affilie,P2,Fluent Forms DE — bon potentiel,
https://schoolswp.com/fluent-forms-meilleur-plugin-formulaires-wordpress/,article,fr,Plugins,,money,affilie,P1,Fluent Forms FR — article pilier CRM/Forms,
https://schoolswp.com/de/update-mailerpress-1-1/,article,de,Plugins,,support,lead,P3,Update MailerPress DE — actualité,
https://schoolswp.com/top-3-des-addons-elementor/,article,fr,Plugins,,support,lead,P2,Top 3 addons Elementor,
https://schoolswp.com/en/pageradar-review/,article,en,SEO,,money,affilie,P2,PageRadar review EN,
https://schoolswp.com/devez-vous-installer-rank-math-pro/,article,fr,SEO,,money,affilie,P1,Rank Math Pro FR — intent transactionnel fort,
https://schoolswp.com/en/droip-review/,article,en,Plugins,,money,affilie,P2,Droip review EN,
https://schoolswp.com/de/launchflows-vs-cartflow/,article,de,Plugins,,support,lead,P3,LaunchFlows vs CartFlow DE,
https://schoolswp.com/en/mailerpress-1-1-update/,article,en,Plugins,,support,lead,P3,MailerPress update EN — actualité,
https://schoolswp.com/link-whisper-avis/,article,fr,SEO,,money,affilie,P2,Avis Link Whisper FR,
https://schoolswp.com/learndash-avis/,article,fr,LMS,,money,affilie,P1,Avis LearnDash FR — pilier LMS,
https://schoolswp.com/avis-sur-linkuma/,article,fr,SEO,,money,affilie,P2,Avis Linkuma FR,
https://schoolswp.com/de/bewertung-von-linkuma/,article,de,SEO,,money,affilie,P3,Linkuma DE,
https://schoolswp.com/de/suremembers-plugin-beitritt-wordpress/,article,de,Plugins,,money,affilie,P3,SureMembers DE,
https://schoolswp.com/de/sureforms-produktbewertung/,article,de,Plugins,,money,affilie,P3,SureForms DE,
https://schoolswp.com/de/slug-wordpress-definition/,article,de,Divers,,support,lead,P3,Slug WordPress DE,
https://schoolswp.com/de/wordpress-plugin/,article,de,Plugins,,support,lead,P3,Plugin WordPress DE,
https://schoolswp.com/apprendre-wordpress-journee/,article,fr,Business,,support,lead,P2,Apprendre WP en une journée,
https://schoolswp.com/en/learning-wordpress-is-difficult/,article,en,Business,,support,lead,P3,Apprendre WP difficile EN,
https://schoolswp.com/en/alidropship-review/,article,en,Plugins,,money,affilie,P2,AliDropship review EN,
https://schoolswp.com/plugin-sureforms-wordpress/,article,fr,Plugins,,money,affilie,P2,SureForms FR — article plugin,
https://schoolswp.com/de/affiliatepress-test/,article,de,Affiliation,,money,affilie,P3,AffiliatePress DE,
https://schoolswp.com/en/wordpress-maintenance-guide/,article,en,Plugins,,support,lead,P2,Guide maintenance WP EN,
https://schoolswp.com/wplingua-avis/,article,fr,Divers,,money,affilie,P2,Avis WPLingua FR — plugin traduction,
https://schoolswp.com/en/create-blog-post-wordpress/,article,en,Business,,support,lead,P3,Créer article WP EN,
https://schoolswp.com/en/wordpress-com-vs-org/,article,en,Business,,support,lead,P2,WP.com vs WP.org EN,
https://schoolswp.com/en/tutor-lms-review/,article,en,LMS,,money,affilie,P1,TutorLMS review EN — stack officielle,
https://schoolswp.com/en/easyhoster-review/,article,en,Hebergement,,money,affilie,P2,EasyHoster review EN,
https://schoolswp.com/hebergement-easyhoster/,article,fr,Hebergement,,money,affilie,P2,EasyHoster FR,
https://schoolswp.com/en/fluentbooking-review/,article,en,Plugins,,money,affilie,P2,FluentBooking review EN,
https://schoolswp.com/mailerpress-wordpress/,article,fr,Plugins,,money,affilie,P2,MailerPress FR,
https://schoolswp.com/full-site-editing-fse-wordpress/,article,fr,Divers,,support,lead,P2,Guide FSE WordPress FR,
https://schoolswp.com/gutenberg-wordpress/,article,fr,Divers,,support,lead,P2,Guide Gutenberg FR,
https://schoolswp.com/masteriyo-lms-avis/,article,fr,LMS,,money,affilie,P2,Avis Masteriyo LMS FR,
https://schoolswp.com/en/ninja-tables-review/,article,en,Plugins,,money,affilie,P2,Ninja Tables review EN,
https://schoolswp.com/en/definition-wordpress-theme/,article,en,Divers,,support,lead,P3,Définition thème WP EN,
https://schoolswp.com/definition-theme-wordpress/,article,fr,Divers,,support,lead,P2,Définition thème WP FR,
https://schoolswp.com/en/zipwp-alternative-instawp/,article,en,Divers,,support,lead,P3,ZipWP vs InstaWP EN,
https://schoolswp.com/de/amelia-wp-buchungs-plugin-wordpress/,article,de,Plugins,,money,affilie,P3,Amelia WP DE,
https://schoolswp.com/wp-funnels-est-une-alternative-a-clickfunnels/,article,fr,Plugins,,support,lead,P3,WP Funnels vs ClickFunnels FR,
https://schoolswp.com/de/plugin-ubersetzung-wordpress-top10/,article,de,Divers,,support,lead,P3,Top plugins traduction DE,
https://schoolswp.com/en/clickwhale-review/,article,en,Plugins,,money,affilie,P2,ClickWhale review EN,
https://schoolswp.com/wordpress-6-9-nouveautes/,article,fr,Divers,,support,lead,P2,WP 6.9 nouveautés FR — actualité,
https://schoolswp.com/armember-avis/,article,fr,Plugins,,money,affilie,P2,Avis ARMember FR,
https://schoolswp.com/avis-linksclub/,article,fr,SEO,,money,affilie,P2,Avis LinksClub FR — outil netlinking,
https://schoolswp.com/en/o2switch-review/,article,en,Hebergement,,money,affilie,P2,O2switch review EN,
https://schoolswp.com/de/o2switch-meinungen/,article,de,Hebergement,,money,affilie,P3,O2switch DE,
https://schoolswp.com/en/coupon-code-fluentcrm/,article,en,Plugins,,money,affilie,P2,Code promo FluentCRM EN,
https://schoolswp.com/en/instawp-review/,article,en,Divers,,money,affilie,P2,InstaWP review EN,
https://schoolswp.com/de/elementor-bewertung/,article,de,Plugins,,money,affilie,P3,Elementor DE,
https://schoolswp.com/en/metricool-review/,article,en,Divers,,money,affilie,P2,Metricool review EN,
https://schoolswp.com/ninja-tables-avis-decouvrez-le-meilleur-plugin-de-tableau-pour-wordpress/,article,fr,Plugins,,money,affilie,P2,Avis Ninja Tables FR,
https://schoolswp.com/en/systeme-io-review/,article,en,Business,,money,affilie,P2,Systeme.io review EN,
https://schoolswp.com/code-promo-rapyd-cloud/,article,fr,Hebergement,,money,affilie,P2,Code promo Rapyd Cloud FR,
https://schoolswp.com/en/wp-social-ninja-review/,article,en,Plugins,,money,affilie,P3,WP Social Ninja EN,
https://schoolswp.com/en/clickwhale-alternative-pretty-links/,article,en,Plugins,,support,lead,P2,ClickWhale vs Pretty Links EN,
https://schoolswp.com/en/amelia-wp-review/,article,en,Plugins,,money,affilie,P2,Amelia WP review EN,
https://schoolswp.com/en/6-ways-to-boost-your-wordpress-blog/,article,en,Business,,support,lead,P3,6 façons améliorer blog WP EN,
https://schoolswp.com/linksgarden-avis/,article,fr,SEO,,money,affilie,P2,Avis LinksGarden FR — netlinking,
https://schoolswp.com/en/thruuu-review/,article,en,SEO,,money,affilie,P2,Thruuu review EN,
https://schoolswp.com/getgenie-ai-wordpress-seo-contenu/,article,fr,SEO,,money,affilie,P2,GetGenie AI SEO FR,
https://schoolswp.com/de/wpmissioncontrol-bewertung/,article,de,Plugins,,money,affilie,P3,WPMissionControl DE,
https://schoolswp.com/mise-a-jour-mailerpress-1-1/,article,fr,Plugins,,support,lead,P3,Update MailerPress 1.1 FR — actualité,
https://schoolswp.com/en/wpmissioncontrol-review/,article,en,Plugins,,money,affilie,P3,WPMissionControl EN,
https://schoolswp.com/avis-metricool-test-complet/,article,fr,Divers,,money,affilie,P2,Avis Metricool FR,
https://schoolswp.com/fluentcart-avis/,article,fr,Plugins,,money,affilie,P2,Avis FluentCart FR,
https://schoolswp.com/ce-quil-faut-savoir-sur-le-referencement-google/,article,fr,SEO,,support,lead,P2,Guide référencement Google FR — article fondamental,
https://schoolswp.com/en/create-training-platform-wordpress/,article,en,LMS,,support,lead,P2,Créer plateforme formation WP EN,
https://schoolswp.com/o2switch-avis/,article,fr,Hebergement,,money,affilie,P1,Avis O2switch FR — leader hébergement FR,
https://schoolswp.com/presto-player-meilleur-lecteur-video-wordpress/,article,fr,Plugins,,money,affilie,P2,Presto Player FR,
https://schoolswp.com/woofunnels-autonami-crm-pour-gagner-plus-de-clients/,article,fr,Plugins,,support,lead,P3,WooFunnels Autonami FR — ancien article,
https://schoolswp.com/wishlist-member-tout-savoir-sur-ce-plugin-wordpress/,article,fr,Plugins,,money,affilie,P2,Wishlist Member FR,
https://schoolswp.com/apprendre-wordpress-difficile/,article,fr,Business,,support,lead,P2,Apprendre WP difficile FR,
https://schoolswp.com/apprendre-wordpress-autonomie/,article,fr,Business,,support,lead,P2,Apprendre WP en autonomie FR,
https://schoolswp.com/wpmissioncontrol-avis/,article,fr,Plugins,,money,affilie,P2,Avis WPMissionControl FR,
https://schoolswp.com/systeme-de-reservations-et-rendez-vous-avec-amelia-wp/,article,fr,Plugins,,money,affilie,P2,Amelia WP réservations FR,
https://schoolswp.com/en/suretriggers-ottokit-vs-zapier/,article,en,Automatisation,,support,lead,P2,OttoKit vs Zapier EN,
https://schoolswp.com/en/bit-flows-review/,article,en,Automatisation,,money,affilie,P2,Bit Flows review EN,
https://schoolswp.com/fluent-support-avis/,article,fr,Plugins,,money,affilie,P2,Avis Fluent Support FR,
https://schoolswp.com/de/easycommerce-bewertung/,article,de,Plugins,,money,affilie,P3,EasyCommerce DE,
https://schoolswp.com/academy-lms-avis/,article,fr,LMS,,money,affilie,P2,Avis Academy LMS FR,
https://schoolswp.com/wordpress-com-vs-wordpress-org/,article,fr,Business,,support,lead,P2,WP.com vs WP.org FR,
https://schoolswp.com/pageradar-avis/,article,fr,SEO,,money,affilie,P2,Avis PageRadar FR,
https://schoolswp.com/en/surecart-review/,article,en,Plugins,,money,affilie,P2,SureCart review EN,
https://schoolswp.com/en/wordpress-multisite-guide/,article,en,Business,,support,lead,P3,Guide WP Multisite EN,
https://schoolswp.com/groundhogg-la-marmotte-qui-va-vous-simplifier-la-vie/,article,fr,Plugins,,money,affilie,P2,Groundhogg CRM FR,
https://schoolswp.com/fiverr-zoom-sur-la-plateforme-qui-permet-de-trouver-des-freelances/,article,fr,Business,,support,lead,P3,Guide Fiverr FR — hors cluster WP,
https://schoolswp.com/ce-quil-faut-savoir-sur-la-plateforme-5euros-com/,article,fr,Business,,support,lead,P3,Guide 5euros.com FR — hors cluster WP,
https://schoolswp.com/dropshipping-shopify-vs-wordpress/,article,fr,Business,,support,lead,P3,Shopify vs WP FR — hors cluster principal,
https://schoolswp.com/funnelkit-meilleur-plugin-pour-creer-tunnels-vente/,article,fr,Plugins,,money,affilie,P2,FunnelKit FR,
https://schoolswp.com/en/affiliatepress-review/,article,en,Affiliation,,money,affilie,P2,AffiliatePress review EN,
https://schoolswp.com/en/pulse-review/,article,en,Plugins,,money,affilie,P2,Pulse review EN,
https://schoolswp.com/elementskit-addons-elementor/,article,fr,Plugins,,support,lead,P3,ElementsKit addons Elementor FR,
https://schoolswp.com/fluentsmtp-avis/,article,fr,Plugins,,money,affilie,P2,Avis FluentSMTP FR,
https://schoolswp.com/de/linksgarden-meinung/,article,de,SEO,,money,affilie,P3,LinksGarden DE,
https://schoolswp.com/pulse-avis/,article,fr,Plugins,,money,affilie,P2,Avis Pulse FR,
https://schoolswp.com/en/linksgarden-review/,article,en,SEO,,money,affilie,P2,LinksGarden review EN,
https://schoolswp.com/en/what-is-google-amp/,article,en,Performance,,support,lead,P3,Qu'est-ce que Google AMP EN,
https://schoolswp.com/en/skoatch-review/,article,en,Divers,,money,affilie,P2,Skoatch review EN,
https://schoolswp.com/en/armember-review/,article,en,Plugins,,money,affilie,P2,ARMember review EN,
https://schoolswp.com/de/armember-meinung/,article,de,Plugins,,money,affilie,P3,ARMember DE,
https://schoolswp.com/de/droip-meinung/,article,de,Plugins,,money,affilie,P3,Droip DE,
https://schoolswp.com/droip-avis/,article,fr,Plugins,,money,affilie,P2,Avis Droip FR,
https://schoolswp.com/en/flyingpress-wp-rocket-comparison/,article,en,Performance,,support,lead,P2,FlyingPress vs WP Rocket EN,
https://schoolswp.com/de/vergleich-flyingpress-wp-rocket/,article,de,Performance,,support,lead,P3,FlyingPress vs WP Rocket DE,
https://schoolswp.com/de/thruuu-bewertung/,article,de,SEO,,money,affilie,P3,Thruuu DE,
https://schoolswp.com/comparaison-flyingpress-wp-rocket/,article,fr,Performance,,support,lead,P2,FlyingPress vs WP Rocket FR,
https://schoolswp.com/perfmatters-plugin-wordpress-pour-ameliorer-la-vitesse-de-son-site/,article,fr,Performance,,money,affilie,P2,Perfmatters FR,
https://schoolswp.com/plugins-seo-wordpress-seopress-vs-yoast/,article,fr,SEO,,support,lead,P2,SEOPress vs Yoast FR,
https://schoolswp.com/solid-affiliate-top-plugin-affiliation-wordpress/,article,fr,Affiliation,,money,affilie,P2,Solid Affiliate FR,
https://schoolswp.com/en/solid-affiliate-review/,article,en,Affiliation,,money,affilie,P2,Solid Affiliate EN,
https://schoolswp.com/en/divi-builder-or-elementor-pro/,article,en,Plugins,,support,lead,P2,Divi vs Elementor EN,
https://schoolswp.com/affiliatepress-avis/,article,fr,Affiliation,,money,affilie,P2,Avis AffiliatePress FR,
https://schoolswp.com/en/microthemer-review/,article,en,Plugins,,money,affilie,P2,Microthemer review EN,
https://schoolswp.com/en/fse-full-site-editing-wordpress/,article,en,Divers,,support,lead,P3,Guide FSE EN,
https://schoolswp.com/en/perfmatters-review/,article,en,Performance,,money,affilie,P2,Perfmatters review EN,
https://schoolswp.com/tunnel-de-vente-wordpress/,article,fr,Business,,support,lead,P2,Guide tunnel de vente WP FR,
https://schoolswp.com/quest-ce-que-laffiliation-marketing/,article,fr,Affiliation,,support,lead,P2,Guide affiliation marketing FR — article pilier Affiliation,
https://schoolswp.com/fluentbooking-votre-solution-reservation-wordpress/,article,fr,Plugins,,money,affilie,P2,FluentBooking FR,
https://schoolswp.com/gagner-de-largent-avec-laffiliation-sur-votre-site-wordpress/,article,fr,Affiliation,,support,lead,P1,Gagner de l'argent avec l'affiliation — pilier Affiliation,
https://schoolswp.com/de/fluent-support-meinung/,article,de,Plugins,,money,affilie,P3,Fluent Support DE,
https://schoolswp.com/creer-site-web-professionnel-wordpress/,article,fr,Business,,support,lead,P2,Créer site pro WP FR,
https://schoolswp.com/en/copilhost-secure-fast-hosting-for-wordpress/,article,en,Hebergement,,money,affilie,P2,CopilHost review EN,
https://schoolswp.com/en/fluent-support-plugin-customer-service/,article,en,Plugins,,money,affilie,P2,Fluent Support EN,
https://schoolswp.com/en/is-fluentcrm-the-best-wordpress-crm/,article,en,Plugins,,money,affilie,P1,FluentCRM review EN — potentiel fort,
https://schoolswp.com/en/fluent-forms-best-wordpress-forms-plugin/,article,en,Plugins,,money,affilie,P1,Fluent Forms review EN — stack officielle,
https://schoolswp.com/maintenance-wordpress-guide/,article,fr,Plugins,,support,lead,P2,Guide maintenance WP FR,
https://schoolswp.com/suremembers-comparatif-restrict-content-pro/,article,fr,Plugins,,support,lead,P2,SureMembers vs Restrict Content Pro FR,
https://schoolswp.com/en/suremembers-versus-wishlist-members/,article,en,Plugins,,support,lead,P2,SureMembers vs Wishlist Member EN,
https://schoolswp.com/en/tastewp-review/,article,en,Divers,,money,affilie,P2,TasteWP review EN,
https://schoolswp.com/en/seokey-seo-wordpress-plugin/,article,en,SEO,,money,affilie,P2,SEOKey review EN,
https://schoolswp.com/en/linkuma-review/,article,en,SEO,,money,affilie,P2,Linkuma review EN,
https://schoolswp.com/slug-wordpress/,article,fr,Divers,,support,lead,P2,Définition slug WP FR,
https://schoolswp.com/en/slug-in-wordpress/,article,en,Divers,,support,lead,P3,Définition slug WP EN,
https://schoolswp.com/en/suremembers-membership-plugin-wordpress/,article,en,Plugins,,money,affilie,P2,SureMembers review EN,
https://schoolswp.com/en/custom-wordpress-website/,article,en,Business,,support,lead,P3,Site WP personnalisé EN,
https://schoolswp.com/en/sureforms-wordpress-plugin/,article,en,Plugins,,money,affilie,P2,SureForms review EN,
https://schoolswp.com/en/what-is-wordpress-plugin/,article,en,Plugins,,support,lead,P3,Qu'est-ce qu'un plugin WP EN,
https://schoolswp.com/en/wpboutik-online-shop-wordpress/,article,en,Plugins,,money,affilie,P2,WPBoutik EN — boutique WP,
https://schoolswp.com/en/zipwp-revolutionize-wordpress-site-creation-ai/,article,en,Divers,,money,affilie,P2,ZipWP AI review EN,
https://schoolswp.com/en/wp-marmite-pay/,article,en,Business,,support,lead,P3,WPMarmite Pay EN — concurrent,
https://schoolswp.com/en/wordpress-gutenberg/,article,en,Divers,,support,lead,P3,Guide Gutenberg EN,
https://schoolswp.com/en/fluentcommunity-review/,article,en,Plugins,,money,affilie,P2,FluentCommunity review EN,
https://schoolswp.com/en/wp-umbrella-review/,article,en,Plugins,,money,affilie,P2,WP Umbrella review EN,
https://schoolswp.com/en/clean-wordpress-database/,article,en,Divers,,support,lead,P3,Nettoyer BDD WP EN,
https://schoolswp.com/nettoyer-base-de-donnees-wordpress/,article,fr,Divers,,support,lead,P2,Nettoyer BDD WP FR,
https://schoolswp.com/en/thot-seo-review/,article,en,SEO,,money,affilie,P2,Thot SEO review EN,
https://schoolswp.com/en/wishlist-member-all-about-this-wordpress-plugin/,article,en,Plugins,,money,affilie,P2,Wishlist Member EN,
https://schoolswp.com/en/latepoint-review/,article,en,Plugins,,money,affilie,P2,LatePoint review EN,
https://schoolswp.com/en/traduire-sans-migraine-review/,article,en,Divers,,money,affilie,P2,Traduire Sans Migraine EN,
https://schoolswp.com/traduire-sans-migraine-avis/,article,fr,Divers,,money,affilie,P2,Avis Traduire Sans Migraine FR,
https://schoolswp.com/avis-skoatch/,article,fr,Divers,,money,affilie,P2,Avis Skoatch FR,
https://schoolswp.com/en/academy-lms-review/,article,en,LMS,,money,affilie,P2,Academy LMS review EN,
https://schoolswp.com/en/local-wp-review/,article,en,Divers,,money,affilie,P2,Local WP review EN,
https://schoolswp.com/local-wp-avis/,article,fr,Divers,,money,affilie,P2,Avis Local WP FR,
https://schoolswp.com/wordpress-playground/,article,fr,Divers,,support,lead,P2,WordPress Playground FR,
https://schoolswp.com/en/wordpress-playground-run-test-develop-in-browser/,article,en,Divers,,support,lead,P3,WordPress Playground EN,
https://schoolswp.com/divi-builder-vs-elementor-pro/,article,fr,Plugins,,support,lead,P2,Divi vs Elementor FR,
https://schoolswp.com/en/link-finder-netlinking-optimization-low-cost/,article,en,SEO,,money,affilie,P2,Link Finder EN — netlinking,
https://schoolswp.com/link-finder-optimisation-netlinking-cout-reduit/,article,fr,SEO,,money,affilie,P2,Link Finder FR,
https://schoolswp.com/en/link-whisper-review/,article,en,SEO,,money,affilie,P2,Link Whisper review EN,
https://schoolswp.com/en/rapyd-cloud-review/,article,en,Hebergement,,money,affilie,P2,Rapyd Cloud review EN,
https://schoolswp.com/en/crocoblock-review/,article,en,Plugins,,money,affilie,P2,Crocoblock review EN,
https://schoolswp.com/en/fluentbooking-vs-amelia-booking-for-wordpress-which-plugin-to-choose/,article,en,Plugins,,support,lead,P2,FluentBooking vs Amelia EN,
https://schoolswp.com/plugin-traduction-wordpress/,article,fr,Divers,,support,lead,P2,Guide plugins traduction WP FR,
https://schoolswp.com/en/wordpress-translation-plugin/,article,en,Divers,,support,lead,P3,Guide traduction WP EN,
https://schoolswp.com/en/promo-code-rapyd-cloud/,article,en,Hebergement,,money,affilie,P2,Code promo Rapyd Cloud EN,
https://schoolswp.com/clickwhale-raccourcisseur-liens-traqueur-clics-wordpress/,article,fr,Plugins,,money,affilie,P2,ClickWhale FR,
https://schoolswp.com/zoom-sur-divi/,article,fr,Plugins,,money,affilie,P2,Guide Divi FR,
https://schoolswp.com/quest-ce-que-lamp-de-google/,article,fr,Performance,,support,lead,P3,Qu'est-ce que Google AMP FR,
https://schoolswp.com/thruuu-seo-analyse-serp/,article,fr,SEO,,money,affilie,P2,Thruuu SEO FR — outil analyse SERP,
https://schoolswp.com/beaver-builder-le-meilleur-constructeur-de-pages-wordpress/,article,fr,Plugins,,money,affilie,P2,Beaver Builder FR,
https://schoolswp.com/avis-microthemer-editeur-css-wordpress/,article,fr,Plugins,,money,affilie,P2,Avis Microthemer FR,
https://schoolswp.com/aawp-le-meilleur-plugin-pour-des-sites-de-niche-wordpress/,article,fr,Affiliation,,money,affilie,P2,AAWP FR — Amazon affiliés,
https://schoolswp.com/clickwhale-vs-pretty-links/,article,fr,Plugins,,support,lead,P2,ClickWhale vs Pretty Links FR,
https://schoolswp.com/de/zipwp-versus-instawp/,article,de,Divers,,support,lead,P3,ZipWP vs InstaWP DE,
https://schoolswp.com/de/tastewp-meinung/,article,de,Divers,,money,affilie,P3,TasteWP DE,
