Suggestion,Volume FR (DFS),Intention,Type d'intention reelle
fluent community,110,navigational,marque (cible)
fluent community roadmap,10,navigational,marque
fluent community wordpress plugin,10,navigational,marque
fluent community pricing,10,commercial,decision (prix)
fluent community changelog,10,informational,marque
fluent community app,10,navigational,marque
fluent community demo,10,navigational,marque
fluent community review,10,informational,decision (avis)
fluent community pro,10,navigational,marque
fluent community plugin,10,navigational,marque
fluent community free vs pro,10,commercial,decision (free/pro)
fluent community chat,10,navigational,marque
fluent community wordpress,10,navigational,marque
fluent community vs buddyboss,10,navigational,decision (comparatif)
